-- phpMyAdmin SQL Dump
-- version 4.7.7
-- https://www.phpmyadmin.net/
--
-- Servidor: 127.0.0.1
-- Tiempo de generación: 16-12-2019 a las 04:08:25
-- Versión del servidor: 10.1.30-MariaDB
-- Versión de PHP: 7.2.2

SET SQL_MODE = "NO_AUTO_VALUE_ON_ZERO";
SET AUTOCOMMIT = 0;
START TRANSACTION;
SET time_zone = "+00:00";


/*!40101 SET @OLD_CHARACTER_SET_CLIENT=@@CHARACTER_SET_CLIENT */;
/*!40101 SET @OLD_CHARACTER_SET_RESULTS=@@CHARACTER_SET_RESULTS */;
/*!40101 SET @OLD_COLLATION_CONNECTION=@@COLLATION_CONNECTION */;
/*!40101 SET NAMES utf8mb4 */;

--
-- Base de datos: `LAmarK`
--

-- --------------------------------------------------------

--
-- Estructura de tabla para la tabla `additional_fet`
--

CREATE TABLE `additional_fet` (
  `id` int(11) NOT NULL,
  `company_id` int(11) NOT NULL,
  `month` int(11) NOT NULL,
  `year` int(11) NOT NULL,
  `rates` varchar(500) NOT NULL
) ENGINE=InnoDB DEFAULT CHARSET=latin1;

--
-- Volcado de datos para la tabla `additional_fet`
--

INSERT INTO `additional_fet` (`id`, `company_id`, `month`, `year`, `rates`) VALUES
(1, 1, 1, 2015, '{\"I1\":\"0\",\"I2\":\"0\",\"I3\":\"0\",\"I4\":\"0\",\"I5\":\"0\",\"I6\":\"0\",\"I7\":\"0\",\"I8\":\"0\",\"I9\":\"0\",\"I10\":\"0\",\"I11\":\"0\",\"I12\":\"0\",\"I13\":\"0\",\"I14\":\"0\",\"I15\":\"0\",\"I16\":\"0\",\"I17\":\"0\",\"I18\":\"0\",\"I19\":\"0\",\"I20\":\"0\"}'),
(2, 1, 2, 2015, '{\"I1\":\"0\",\"I2\":\"0\",\"I3\":\"0\",\"I4\":\"0\",\"I5\":\"0\",\"I6\":\"0\",\"I7\":\"0\",\"I8\":\"0\",\"I9\":\"0\",\"I10\":\"0\",\"I11\":\"0\",\"I12\":\"0\",\"I13\":\"0\",\"I14\":\"0\",\"I15\":\"0\",\"I16\":\"0\",\"I17\":\"0\",\"I18\":\"0\",\"I19\":\"0\",\"I20\":\"0\"}'),
(3, 1, 3, 2015, '{\"I1\":\"0\",\"I2\":\"0\",\"I3\":\"0\",\"I4\":\"0\",\"I5\":\"0\",\"I6\":\"0\",\"I7\":\"0\",\"I8\":\"0\",\"I9\":\"0\",\"I10\":\"0\",\"I11\":\"0\",\"I12\":\"0\",\"I13\":\"0\",\"I14\":\"0\",\"I15\":\"0\",\"I16\":\"0\",\"I17\":\"0\",\"I18\":\"0\",\"I19\":\"0\",\"I20\":\"0\"}'),
(4, 1, 4, 2015, '{\"I1\":\"0\",\"I2\":\"0\",\"I3\":\"0\",\"I4\":\"0\",\"I5\":\"0\",\"I6\":\"0\",\"I7\":\"0\",\"I8\":\"0\",\"I9\":\"0\",\"I10\":\"0\",\"I11\":\"0\",\"I12\":\"0\",\"I13\":\"0\",\"I14\":\"0\",\"I15\":\"0\",\"I16\":\"0\",\"I17\":\"0\",\"I18\":\"0\",\"I19\":\"0\",\"I20\":\"0\"}'),
(5, 1, 5, 2015, '{\"I1\":\"0\",\"I2\":\"0\",\"I3\":\"0\",\"I4\":\"0\",\"I5\":\"0\",\"I6\":\"0\",\"I7\":\"0\",\"I8\":\"0\",\"I9\":\"0\",\"I10\":\"0\",\"I11\":\"0\",\"I12\":\"0\",\"I13\":\"0\",\"I14\":\"0\",\"I15\":\"0\",\"I16\":\"0\",\"I17\":\"0\",\"I18\":\"0\",\"I19\":\"0\",\"I20\":\"0\"}'),
(6, 1, 6, 2015, '{\"I1\":\"0\",\"I2\":\"0\",\"I3\":\"0\",\"I4\":\"0\",\"I5\":\"0\",\"I6\":\"0\",\"I7\":\"0\",\"I8\":\"0\",\"I9\":\"0\",\"I10\":\"0\",\"I11\":\"0\",\"I12\":\"0\",\"I13\":\"0\",\"I14\":\"0\",\"I15\":\"0\",\"I16\":\"0\",\"I17\":\"0\",\"I18\":\"0\",\"I19\":\"0\",\"I20\":\"0\"}'),
(7, 1, 7, 2015, '{\"I1\":\"0\",\"I2\":\"0\",\"I3\":\"0\",\"I4\":\"0\",\"I5\":\"0\",\"I6\":\"0\",\"I7\":\"0\",\"I8\":\"0\",\"I9\":\"0\",\"I10\":\"0\",\"I11\":\"0\",\"I12\":\"0\",\"I13\":\"0\",\"I14\":\"0\",\"I15\":\"0\",\"I16\":\"0\",\"I17\":\"0\",\"I18\":\"0\",\"I19\":\"0\",\"I20\":\"0\"}'),
(8, 1, 8, 2015, '{\"I1\":\"0\",\"I2\":\"0\",\"I3\":\"0\",\"I4\":\"0\",\"I5\":\"0\",\"I6\":\"0\",\"I7\":\"0\",\"I8\":\"0\",\"I9\":\"0\",\"I10\":\"0\",\"I11\":\"0\",\"I12\":\"0\",\"I13\":\"0\",\"I14\":\"0\",\"I15\":\"0\",\"I16\":\"0\",\"I17\":\"0\",\"I18\":\"0\",\"I19\":\"0\",\"I20\":\"0\"}'),
(9, 1, 9, 2015, '{\"I1\":\"0\",\"I2\":\"0\",\"I3\":\"0\",\"I4\":\"0\",\"I5\":\"0\",\"I6\":\"0\",\"I7\":\"0\",\"I8\":\"0\",\"I9\":\"0\",\"I10\":\"0\",\"I11\":\"0\",\"I12\":\"0\",\"I13\":\"0\",\"I14\":\"0\",\"I15\":\"0\",\"I16\":\"0\",\"I17\":\"0\",\"I18\":\"0\",\"I19\":\"0\",\"I20\":\"0\"}'),
(10, 1, 10, 2015, '{\"I1\":\"0\",\"I2\":\"0\",\"I3\":\"0\",\"I4\":\"0\",\"I5\":\"0\",\"I6\":\"0\",\"I7\":\"0\",\"I8\":\"0\",\"I9\":\"0\",\"I10\":\"0\",\"I11\":\"0\",\"I12\":\"0\",\"I13\":\"0\",\"I14\":\"0\",\"I15\":\"0\",\"I16\":\"0\",\"I17\":\"0\",\"I18\":\"0\",\"I19\":\"0\",\"I20\":\"0\"}'),
(11, 1, 11, 2015, '{\"I1\":\"0\",\"I2\":\"0\",\"I3\":\"0\",\"I4\":\"0\",\"I5\":\"0\",\"I6\":\"0\",\"I7\":\"0\",\"I8\":\"0\",\"I9\":\"0\",\"I10\":\"0\",\"I11\":\"0\",\"I12\":\"0\",\"I13\":\"0\",\"I14\":\"0\",\"I15\":\"0\",\"I16\":\"0\",\"I17\":\"0\",\"I18\":\"0\",\"I19\":\"0\",\"I20\":\"0\"}'),
(12, 1, 12, 2015, '{\"I1\":\"0\",\"I2\":\"0\",\"I3\":\"0\",\"I4\":\"0\",\"I5\":\"0\",\"I6\":\"0\",\"I7\":\"0\",\"I8\":\"0\",\"I9\":\"0\",\"I10\":\"0\",\"I11\":\"0\",\"I12\":\"0\",\"I13\":\"0\",\"I14\":\"0\",\"I15\":\"0\",\"I16\":\"0\",\"I17\":\"0\",\"I18\":\"0\",\"I19\":\"0\",\"I20\":\"0\"}'),
(13, 1, 1, 2016, '{\"I1\":\"0\",\"I2\":\"0\",\"I3\":\"0\",\"I4\":\"0\",\"I5\":\"0\",\"I6\":\"0\",\"I7\":\"0\",\"I8\":\"0\",\"I9\":\"0\",\"I10\":\"0\",\"I11\":\"0\",\"I12\":\"0\",\"I13\":\"0\",\"I14\":\"0\",\"I15\":\"0\",\"I16\":\"0\",\"I17\":\"0\",\"I18\":\"0\",\"I19\":\"0\",\"I20\":\"0\"}'),
(14, 1, 2, 2016, '{\"I1\":\"0\",\"I2\":\"0\",\"I3\":\"0\",\"I4\":\"0\",\"I5\":\"0\",\"I6\":\"0\",\"I7\":\"0\",\"I8\":\"0\",\"I9\":\"0\",\"I10\":\"0\",\"I11\":\"0\",\"I12\":\"0\",\"I13\":\"0\",\"I14\":\"0\",\"I15\":\"0\",\"I16\":\"0\",\"I17\":\"0\",\"I18\":\"0\",\"I19\":\"0\",\"I20\":\"0\"}'),
(15, 1, 3, 2016, '{\"I1\":\"0\",\"I2\":\"0\",\"I3\":\"0\",\"I4\":\"0\",\"I5\":\"0\",\"I6\":\"0\",\"I7\":\"0\",\"I8\":\"0\",\"I9\":\"0\",\"I10\":\"0\",\"I11\":\"0\",\"I12\":\"0\",\"I13\":\"0\",\"I14\":\"0\",\"I15\":\"0\",\"I16\":\"0\",\"I17\":\"0\",\"I18\":\"0\",\"I19\":\"0\",\"I20\":\"0\"}'),
(16, 1, 4, 2016, '{\"I1\":\"0\",\"I2\":\"0\",\"I3\":\"0\",\"I4\":\"0\",\"I5\":\"0\",\"I6\":\"0\",\"I7\":\"0\",\"I8\":\"0\",\"I9\":\"0\",\"I10\":\"0\",\"I11\":\"0\",\"I12\":\"0\",\"I13\":\"0\",\"I14\":\"0\",\"I15\":\"0\",\"I16\":\"0\",\"I17\":\"0\",\"I18\":\"0\",\"I19\":\"0\",\"I20\":\"0\"}'),
(17, 1, 5, 2016, '{\"I1\":\"0\",\"I2\":\"0\",\"I3\":\"0\",\"I4\":\"0\",\"I5\":\"0\",\"I6\":\"0\",\"I7\":\"0\",\"I8\":\"0\",\"I9\":\"0\",\"I10\":\"0\",\"I11\":\"0\",\"I12\":\"0\",\"I13\":\"0\",\"I14\":\"0\",\"I15\":\"0\",\"I16\":\"0\",\"I17\":\"0\",\"I18\":\"0\",\"I19\":\"0\",\"I20\":\"0\"}'),
(18, 1, 6, 2016, '{\"I1\":\"0\",\"I2\":\"0\",\"I3\":\"0\",\"I4\":\"0\",\"I5\":\"0\",\"I6\":\"0\",\"I7\":\"0\",\"I8\":\"0\",\"I9\":\"0\",\"I10\":\"0\",\"I11\":\"0\",\"I12\":\"0\",\"I13\":\"0\",\"I14\":\"0\",\"I15\":\"0\",\"I16\":\"0\",\"I17\":\"0\",\"I18\":\"0\",\"I19\":\"0\",\"I20\":\"0\"}'),
(19, 1, 7, 2016, '{\"I1\":\"0\",\"I2\":\"0\",\"I3\":\"0\",\"I4\":\"0\",\"I5\":\"0\",\"I6\":\"0\",\"I7\":\"0\",\"I8\":\"0\",\"I9\":\"0\",\"I10\":\"0\",\"I11\":\"0\",\"I12\":\"0\",\"I13\":\"0\",\"I14\":\"0\",\"I15\":\"0\",\"I16\":\"0\",\"I17\":\"0\",\"I18\":\"0\",\"I19\":\"0\",\"I20\":\"0\"}'),
(20, 1, 8, 2016, '{\"I1\":\"0\",\"I2\":\"0\",\"I3\":\"0\",\"I4\":\"0\",\"I5\":\"0\",\"I6\":\"0\",\"I7\":\"0\",\"I8\":\"0\",\"I9\":\"0\",\"I10\":\"0\",\"I11\":\"0\",\"I12\":\"0\",\"I13\":\"0\",\"I14\":\"0\",\"I15\":\"0\",\"I16\":\"0\",\"I17\":\"0\",\"I18\":\"0\",\"I19\":\"0\",\"I20\":\"0\"}'),
(21, 1, 9, 2016, '{\"I1\":\"0\",\"I2\":\"0\",\"I3\":\"0\",\"I4\":\"0\",\"I5\":\"0\",\"I6\":\"0\",\"I7\":\"0\",\"I8\":\"0\",\"I9\":\"0\",\"I10\":\"0\",\"I11\":\"0\",\"I12\":\"0\",\"I13\":\"0\",\"I14\":\"0\",\"I15\":\"0\",\"I16\":\"0\",\"I17\":\"0\",\"I18\":\"0\",\"I19\":\"0\",\"I20\":\"0\"}'),
(22, 1, 10, 2016, '{\"I1\":\"0\",\"I2\":\"0\",\"I3\":\"0\",\"I4\":\"0\",\"I5\":\"0\",\"I6\":\"0\",\"I7\":\"0\",\"I8\":\"0\",\"I9\":\"0\",\"I10\":\"0\",\"I11\":\"0\",\"I12\":\"0\",\"I13\":\"0\",\"I14\":\"0\",\"I15\":\"0\",\"I16\":\"0\",\"I17\":\"0\",\"I18\":\"0\",\"I19\":\"0\",\"I20\":\"0\"}'),
(23, 1, 11, 2016, '{\"I1\":\"0\",\"I2\":\"0\",\"I3\":\"0\",\"I4\":\"0\",\"I5\":\"0\",\"I6\":\"0\",\"I7\":\"0\",\"I8\":\"0\",\"I9\":\"0\",\"I10\":\"0\",\"I11\":\"0\",\"I12\":\"0\",\"I13\":\"0\",\"I14\":\"0\",\"I15\":\"0\",\"I16\":\"0\",\"I17\":\"0\",\"I18\":\"0\",\"I19\":\"0\",\"I20\":\"0\"}'),
(24, 1, 12, 2016, '{\"I1\":\"0\",\"I2\":\"0\",\"I3\":\"0\",\"I4\":\"0\",\"I5\":\"0\",\"I6\":\"0\",\"I7\":\"0\",\"I8\":\"0\",\"I9\":\"0\",\"I10\":\"0\",\"I11\":\"0\",\"I12\":\"0\",\"I13\":\"0\",\"I14\":\"0\",\"I15\":\"0\",\"I16\":\"0\",\"I17\":\"0\",\"I18\":\"0\",\"I19\":\"0\",\"I20\":\"0\"}'),
(25, 1, 1, 2017, '{\"I1\":\"0\",\"I2\":\"0\",\"I3\":\"0\",\"I4\":\"0\",\"I5\":\"0\",\"I6\":\"0\",\"I7\":\"0\",\"I8\":\"0\",\"I9\":\"0\",\"I10\":\"0\",\"I11\":\"0\",\"I12\":\"0\",\"I13\":\"0\",\"I14\":\"0\",\"I15\":\"0\",\"I16\":\"0\",\"I17\":\"0\",\"I18\":\"0\",\"I19\":\"0\",\"I20\":\"0\"}'),
(26, 1, 2, 2017, '{\"I1\":\"0\",\"I2\":\"0\",\"I3\":\"0\",\"I4\":\"0\",\"I5\":\"0\",\"I6\":\"0\",\"I7\":\"0\",\"I8\":\"0\",\"I9\":\"0\",\"I10\":\"0\",\"I11\":\"0\",\"I12\":\"0\",\"I13\":\"0\",\"I14\":\"0\",\"I15\":\"0\",\"I16\":\"0\",\"I17\":\"0\",\"I18\":\"0\",\"I19\":\"0\",\"I20\":\"0\"}'),
(27, 1, 3, 2017, '{\"I1\":\"0\",\"I2\":\"0\",\"I3\":\"0\",\"I4\":\"0\",\"I5\":\"0\",\"I6\":\"0\",\"I7\":\"0\",\"I8\":\"0\",\"I9\":\"0\",\"I10\":\"0\",\"I11\":\"0\",\"I12\":\"0\",\"I13\":\"0\",\"I14\":\"0\",\"I15\":\"0\",\"I16\":\"0\",\"I17\":\"0\",\"I18\":\"0\",\"I19\":\"0\",\"I20\":\"0\"}'),
(28, 1, 4, 2017, '{\"I1\":\"0\",\"I2\":\"0\",\"I3\":\"0\",\"I4\":\"0\",\"I5\":\"0\",\"I6\":\"0\",\"I7\":\"0\",\"I8\":\"0\",\"I9\":\"0\",\"I10\":\"0\",\"I11\":\"0\",\"I12\":\"0\",\"I13\":\"0\",\"I14\":\"0\",\"I15\":\"0\",\"I16\":\"0\",\"I17\":\"0\",\"I18\":\"0\",\"I19\":\"0\",\"I20\":\"0\"}'),
(29, 1, 5, 2017, '{\"I1\":\"0\",\"I2\":\"0\",\"I3\":\"0\",\"I4\":\"0\",\"I5\":\"0\",\"I6\":\"0\",\"I7\":\"0\",\"I8\":\"0\",\"I9\":\"0\",\"I10\":\"0\",\"I11\":\"0\",\"I12\":\"0\",\"I13\":\"0\",\"I14\":\"0\",\"I15\":\"0\",\"I16\":\"0\",\"I17\":\"0\",\"I18\":\"0\",\"I19\":\"0\",\"I20\":\"0\"}'),
(30, 1, 6, 2017, '{\"I1\":\"0\",\"I2\":\"0\",\"I3\":\"0\",\"I4\":\"0\",\"I5\":\"0\",\"I6\":\"0\",\"I7\":\"0\",\"I8\":\"0\",\"I9\":\"0\",\"I10\":\"0\",\"I11\":\"0\",\"I12\":\"0\",\"I13\":\"0\",\"I14\":\"0\",\"I15\":\"0\",\"I16\":\"0\",\"I17\":\"0\",\"I18\":\"0\",\"I19\":\"0\",\"I20\":\"0\"}'),
(31, 1, 7, 2017, '{\"I1\":\"0\",\"I2\":\"0\",\"I3\":\"0\",\"I4\":\"0\",\"I5\":\"0\",\"I6\":\"0\",\"I7\":\"0\",\"I8\":\"0\",\"I9\":\"0\",\"I10\":\"0\",\"I11\":\"0\",\"I12\":\"0\",\"I13\":\"0\",\"I14\":\"0\",\"I15\":\"0\",\"I16\":\"0\",\"I17\":\"0\",\"I18\":\"0\",\"I19\":\"0\",\"I20\":\"0\"}'),
(32, 1, 8, 2017, '{\"I1\":\"0\",\"I2\":\"0\",\"I3\":\"0\",\"I4\":\"0\",\"I5\":\"0\",\"I6\":\"0\",\"I7\":\"0\",\"I8\":\"0\",\"I9\":\"0\",\"I10\":\"0\",\"I11\":\"0\",\"I12\":\"0\",\"I13\":\"0\",\"I14\":\"0\",\"I15\":\"0\",\"I16\":\"0\",\"I17\":\"0\",\"I18\":\"0\",\"I19\":\"0\",\"I20\":\"0\"}'),
(33, 1, 9, 2017, '{\"I1\":\"0\",\"I2\":\"0\",\"I3\":\"0\",\"I4\":\"0\",\"I5\":\"0\",\"I6\":\"0\",\"I7\":\"0\",\"I8\":\"0\",\"I9\":\"0\",\"I10\":\"0\",\"I11\":\"0\",\"I12\":\"0\",\"I13\":\"0\",\"I14\":\"0\",\"I15\":\"0\",\"I16\":\"0\",\"I17\":\"0\",\"I18\":\"0\",\"I19\":\"0\",\"I20\":\"0\"}'),
(34, 1, 10, 2017, '{\"I1\":\"0\",\"I2\":\"0\",\"I3\":\"0\",\"I4\":\"0\",\"I5\":\"0\",\"I6\":\"0\",\"I7\":\"0\",\"I8\":\"0\",\"I9\":\"0\",\"I10\":\"0\",\"I11\":\"0\",\"I12\":\"0\",\"I13\":\"0\",\"I14\":\"0\",\"I15\":\"0\",\"I16\":\"0\",\"I17\":\"0\",\"I18\":\"0\",\"I19\":\"0\",\"I20\":\"0\"}'),
(35, 1, 11, 2017, '{\"I1\":\"0\",\"I2\":\"0\",\"I3\":\"0\",\"I4\":\"0\",\"I5\":\"0\",\"I6\":\"0\",\"I7\":\"0\",\"I8\":\"0\",\"I9\":\"0\",\"I10\":\"0\",\"I11\":\"0\",\"I12\":\"0\",\"I13\":\"0\",\"I14\":\"0\",\"I15\":\"0\",\"I16\":\"0\",\"I17\":\"0\",\"I18\":\"0\",\"I19\":\"0\",\"I20\":\"0\"}'),
(36, 1, 12, 2017, '{\"I1\":\"0\",\"I2\":\"0\",\"I3\":\"0\",\"I4\":\"0\",\"I5\":\"0\",\"I6\":\"0\",\"I7\":\"0\",\"I8\":\"0\",\"I9\":\"0\",\"I10\":\"0\",\"I11\":\"0\",\"I12\":\"0\",\"I13\":\"0\",\"I14\":\"0\",\"I15\":\"0\",\"I16\":\"0\",\"I17\":\"0\",\"I18\":\"0\",\"I19\":\"0\",\"I20\":\"0\"}'),
(37, 1, 1, 2018, '{\"I1\":\"0\",\"I2\":\"0\",\"I3\":\"0\",\"I4\":\"0\",\"I5\":\"0\",\"I6\":\"0\",\"I7\":\"0\",\"I8\":\"0\",\"I9\":\"0\",\"I10\":\"0\",\"I11\":\"0\",\"I12\":\"0\",\"I13\":\"0\",\"I14\":\"0\",\"I15\":\"0\",\"I16\":\"0\",\"I17\":\"0\",\"I18\":\"0\",\"I19\":\"0\",\"I20\":\"0\"}'),
(38, 1, 2, 2018, '{\"I1\":\"0\",\"I2\":\"0\",\"I3\":\"0\",\"I4\":\"0\",\"I5\":\"0\",\"I6\":\"0\",\"I7\":\"0\",\"I8\":\"0\",\"I9\":\"0\",\"I10\":\"0\",\"I11\":\"0\",\"I12\":\"0\",\"I13\":\"0\",\"I14\":\"0\",\"I15\":\"0\",\"I16\":\"0\",\"I17\":\"0\",\"I18\":\"0\",\"I19\":\"0\",\"I20\":\"0\"}'),
(39, 1, 3, 2018, '{\"I1\":\"0\",\"I2\":\"0\",\"I3\":\"0\",\"I4\":\"0\",\"I5\":\"0\",\"I6\":\"0\",\"I7\":\"0\",\"I8\":\"0\",\"I9\":\"0\",\"I10\":\"0\",\"I11\":\"0\",\"I12\":\"0\",\"I13\":\"0\",\"I14\":\"0\",\"I15\":\"0\",\"I16\":\"0\",\"I17\":\"0\",\"I18\":\"0\",\"I19\":\"0\",\"I20\":\"0\"}'),
(40, 1, 4, 2018, '{\"I1\":\"0\",\"I2\":\"0\",\"I3\":\"0\",\"I4\":\"0\",\"I5\":\"0\",\"I6\":\"0\",\"I7\":\"0\",\"I8\":\"0\",\"I9\":\"0\",\"I10\":\"0\",\"I11\":\"0\",\"I12\":\"0\",\"I13\":\"0\",\"I14\":\"0\",\"I15\":\"0\",\"I16\":\"0\",\"I17\":\"0\",\"I18\":\"0\",\"I19\":\"0\",\"I20\":\"0\"}'),
(41, 1, 5, 2018, '{\"I1\":\"0\",\"I2\":\"0\",\"I3\":\"0\",\"I4\":\"0\",\"I5\":\"0\",\"I6\":\"0\",\"I7\":\"0\",\"I8\":\"0\",\"I9\":\"0\",\"I10\":\"0\",\"I11\":\"0\",\"I12\":\"0\",\"I13\":\"0\",\"I14\":\"0\",\"I15\":\"0\",\"I16\":\"0\",\"I17\":\"0\",\"I18\":\"0\",\"I19\":\"0\",\"I20\":\"0\"}'),
(42, 1, 6, 2018, '{\"I1\":\"0\",\"I2\":\"0\",\"I3\":\"0\",\"I4\":\"0\",\"I5\":\"0\",\"I6\":\"0\",\"I7\":\"0\",\"I8\":\"0\",\"I9\":\"0\",\"I10\":\"0\",\"I11\":\"0\",\"I12\":\"0\",\"I13\":\"0\",\"I14\":\"0\",\"I15\":\"0\",\"I16\":\"0\",\"I17\":\"0\",\"I18\":\"0\",\"I19\":\"0\",\"I20\":\"0\"}'),
(43, 1, 7, 2018, '{\"I1\":\"0\",\"I2\":\"0\",\"I3\":\"0\",\"I4\":\"0\",\"I5\":\"0\",\"I6\":\"0\",\"I7\":\"0\",\"I8\":\"0\",\"I9\":\"0\",\"I10\":\"0\",\"I11\":\"0\",\"I12\":\"0\",\"I13\":\"0\",\"I14\":\"0\",\"I15\":\"0\",\"I16\":\"0\",\"I17\":\"0\",\"I18\":\"0\",\"I19\":\"0\",\"I20\":\"0\"}'),
(44, 1, 8, 2018, '{\"I1\":\"0\",\"I2\":\"0\",\"I3\":\"0\",\"I4\":\"0\",\"I5\":\"0\",\"I6\":\"0\",\"I7\":\"0\",\"I8\":\"0\",\"I9\":\"0\",\"I10\":\"0\",\"I11\":\"0\",\"I12\":\"0\",\"I13\":\"0\",\"I14\":\"0\",\"I15\":\"0\",\"I16\":\"0\",\"I17\":\"0\",\"I18\":\"0\",\"I19\":\"0\",\"I20\":\"0\"}'),
(45, 1, 9, 2018, '{\"I1\":\"0\",\"I2\":\"0\",\"I3\":\"0\",\"I4\":\"0\",\"I5\":\"0\",\"I6\":\"0\",\"I7\":\"0\",\"I8\":\"0\",\"I9\":\"0\",\"I10\":\"0\",\"I11\":\"0\",\"I12\":\"0\",\"I13\":\"0\",\"I14\":\"0\",\"I15\":\"0\",\"I16\":\"0\",\"I17\":\"0\",\"I18\":\"0\",\"I19\":\"0\",\"I20\":\"0\"}'),
(46, 1, 10, 2018, '{\"I1\":\"0\",\"I2\":\"0\",\"I3\":\"0\",\"I4\":\"0\",\"I5\":\"0\",\"I6\":\"0\",\"I7\":\"0\",\"I8\":\"0\",\"I9\":\"0\",\"I10\":\"0\",\"I11\":\"0\",\"I12\":\"0\",\"I13\":\"0\",\"I14\":\"0\",\"I15\":\"0\",\"I16\":\"0\",\"I17\":\"0\",\"I18\":\"0\",\"I19\":\"0\",\"I20\":\"0\"}'),
(47, 1, 11, 2018, '{\"I1\":\"0\",\"I2\":\"0\",\"I3\":\"0\",\"I4\":\"0\",\"I5\":\"0\",\"I6\":\"0\",\"I7\":\"0\",\"I8\":\"0\",\"I9\":\"0\",\"I10\":\"0\",\"I11\":\"0\",\"I12\":\"0\",\"I13\":\"0\",\"I14\":\"0\",\"I15\":\"0\",\"I16\":\"0\",\"I17\":\"0\",\"I18\":\"0\",\"I19\":\"0\",\"I20\":\"0\"}'),
(48, 1, 12, 2018, '{\"I1\":\"0\",\"I2\":\"0\",\"I3\":\"0\",\"I4\":\"0\",\"I5\":\"0\",\"I6\":\"0\",\"I7\":\"0\",\"I8\":\"0\",\"I9\":\"0\",\"I10\":\"0\",\"I11\":\"0\",\"I12\":\"0\",\"I13\":\"0\",\"I14\":\"0\",\"I15\":\"0\",\"I16\":\"0\",\"I17\":\"0\",\"I18\":\"0\",\"I19\":\"0\",\"I20\":\"0\"}'),
(49, 1, 1, 2019, '{\"I1\":\"5.93\",\"I2\":\"8.7\",\"I3\":\"11.24\",\"I4\":\"10.21\",\"I5\":\"10.21\",\"I6\":\"10.2\",\"I7\":\"13.33\",\"I8\":\"13.35\",\"I9\":\"13.37\",\"I10\":\"13.39\",\"I11\":\"13.4\",\"I12\":\"13.42\",\"I13\":\"13.43\",\"I14\":\"17.96\",\"I15\":\"18.04\",\"I16\":\"18.04\",\"I17\":\"18.04\",\"I18\":\"18.04\",\"I19\":\"18.04\",\"I20\":\"18.04\"}'),
(50, 1, 2, 2019, '{\"I1\":\"5.93\",\"I2\":\"8.7\",\"I3\":\"11.24\",\"I4\":\"10.21\",\"I5\":\"10.21\",\"I6\":\"10.2\",\"I7\":\"13.33\",\"I8\":\"13.35\",\"I9\":\"13.37\",\"I10\":\"13.39\",\"I11\":\"13.4\",\"I12\":\"13.42\",\"I13\":\"13.43\",\"I14\":\"17.96\",\"I15\":\"18.04\",\"I16\":\"18.04\",\"I17\":\"18.04\",\"I18\":\"18.04\",\"I19\":\"18.04\",\"I20\":\"18.04\"}'),
(51, 1, 3, 2019, '{\"I1\":\"5.93\",\"I2\":\"8.7\",\"I3\":\"11.24\",\"I4\":\"10.21\",\"I5\":\"10.21\",\"I6\":\"10.2\",\"I7\":\"13.33\",\"I8\":\"13.35\",\"I9\":\"13.37\",\"I10\":\"13.39\",\"I11\":\"13.4\",\"I12\":\"13.42\",\"I13\":\"13.43\",\"I14\":\"17.96\",\"I15\":\"18.04\",\"I16\":\"18.04\",\"I17\":\"18.04\",\"I18\":\"18.04\",\"I19\":\"18.04\",\"I20\":\"18.04\"}'),
(52, 1, 4, 2019, '{\"I1\":\"5.93\",\"I2\":\"8.7\",\"I3\":\"11.24\",\"I4\":\"10.21\",\"I5\":\"10.21\",\"I6\":\"10.2\",\"I7\":\"13.33\",\"I8\":\"13.35\",\"I9\":\"13.37\",\"I10\":\"13.39\",\"I11\":\"13.4\",\"I12\":\"13.42\",\"I13\":\"13.43\",\"I14\":\"17.96\",\"I15\":\"18.04\",\"I16\":\"18.04\",\"I17\":\"18.04\",\"I18\":\"18.04\",\"I19\":\"18.04\",\"I20\":\"18.04\"}'),
(53, 1, 5, 2019, '{\"I1\":\"5.93\",\"I2\":\"8.7\",\"I3\":\"11.24\",\"I4\":\"10.21\",\"I5\":\"10.21\",\"I6\":\"10.2\",\"I7\":\"13.33\",\"I8\":\"13.35\",\"I9\":\"13.37\",\"I10\":\"13.39\",\"I11\":\"13.4\",\"I12\":\"13.42\",\"I13\":\"13.43\",\"I14\":\"17.96\",\"I15\":\"18.04\",\"I16\":\"18.04\",\"I17\":\"18.04\",\"I18\":\"18.04\",\"I19\":\"18.04\",\"I20\":\"18.04\"}'),
(54, 1, 6, 2019, '{\"I1\":\"5.93\",\"I2\":\"8.7\",\"I3\":\"11.24\",\"I4\":\"10.21\",\"I5\":\"10.21\",\"I6\":\"10.2\",\"I7\":\"13.33\",\"I8\":\"13.35\",\"I9\":\"13.37\",\"I10\":\"13.39\",\"I11\":\"13.4\",\"I12\":\"13.42\",\"I13\":\"13.43\",\"I14\":\"17.96\",\"I15\":\"18.04\",\"I16\":\"18.04\",\"I17\":\"18.04\",\"I18\":\"18.04\",\"I19\":\"18.04\",\"I20\":\"18.04\"}'),
(55, 1, 7, 2019, '{\"I1\":\"0\",\"I2\":\"0\",\"I3\":\"0\",\"I4\":\"0\",\"I5\":\"0\",\"I6\":\"0\",\"I7\":\"0\",\"I8\":\"0\",\"I9\":\"0\",\"I10\":\"0\",\"I11\":\"0\",\"I12\":\"0\",\"I13\":\"0\",\"I14\":\"0\",\"I15\":\"0\",\"I16\":\"0\",\"I17\":\"0\",\"I18\":\"0\",\"I19\":\"0\",\"I20\":\"0\"}'),
(56, 1, 8, 2019, '{\"I1\":\"0\",\"I2\":\"0\",\"I3\":\"0\",\"I4\":\"0\",\"I5\":\"0\",\"I6\":\"0\",\"I7\":\"0\",\"I8\":\"0\",\"I9\":\"0\",\"I10\":\"0\",\"I11\":\"0\",\"I12\":\"0\",\"I13\":\"0\",\"I14\":\"0\",\"I15\":\"0\",\"I16\":\"0\",\"I17\":\"0\",\"I18\":\"0\",\"I19\":\"0\",\"I20\":\"0\"}'),
(57, 1, 9, 2019, '{\"I1\":\"0\",\"I2\":\"0\",\"I3\":\"0\",\"I4\":\"0\",\"I5\":\"0\",\"I6\":\"0\",\"I7\":\"0\",\"I8\":\"0\",\"I9\":\"0\",\"I10\":\"0\",\"I11\":\"0\",\"I12\":\"0\",\"I13\":\"0\",\"I14\":\"0\",\"I15\":\"0\",\"I16\":\"0\",\"I17\":\"0\",\"I18\":\"0\",\"I19\":\"0\",\"I20\":\"0\"}'),
(58, 1, 10, 2019, '{\"I1\":\"0\",\"I2\":\"0\",\"I3\":\"0\",\"I4\":\"0\",\"I5\":\"0\",\"I6\":\"0\",\"I7\":\"0\",\"I8\":\"0\",\"I9\":\"0\",\"I10\":\"0\",\"I11\":\"0\",\"I12\":\"0\",\"I13\":\"0\",\"I14\":\"0\",\"I15\":\"0\",\"I16\":\"0\",\"I17\":\"0\",\"I18\":\"0\",\"I19\":\"0\",\"I20\":\"0\"}'),
(59, 1, 11, 2019, '{\"I1\":\"0\",\"I2\":\"0\",\"I3\":\"0\",\"I4\":\"0\",\"I5\":\"0\",\"I6\":\"0\",\"I7\":\"0\",\"I8\":\"0\",\"I9\":\"0\",\"I10\":\"0\",\"I11\":\"0\",\"I12\":\"0\",\"I13\":\"0\",\"I14\":\"0\",\"I15\":\"0\",\"I16\":\"0\",\"I17\":\"0\",\"I18\":\"0\",\"I19\":\"0\",\"I20\":\"0\"}'),
(60, 1, 12, 2019, '{\"I1\":\"0\",\"I2\":\"0\",\"I3\":\"0\",\"I4\":\"0\",\"I5\":\"0\",\"I6\":\"0\",\"I7\":\"0\",\"I8\":\"0\",\"I9\":\"0\",\"I10\":\"0\",\"I11\":\"0\",\"I12\":\"0\",\"I13\":\"0\",\"I14\":\"0\",\"I15\":\"0\",\"I16\":\"0\",\"I17\":\"0\",\"I18\":\"0\",\"I19\":\"0\",\"I20\":\"0\"}'),
(61, 2, 1, 2015, '{\"I1\":\"0\",\"I2\":\"0\",\"I3\":\"0\",\"I4\":\"0\",\"I5\":\"0\",\"I6\":\"0\",\"I7\":\"0\",\"I8\":\"0\",\"I9\":\"0\",\"I10\":\"0\",\"I11\":\"0\",\"I12\":\"0\",\"I13\":\"0\",\"I14\":\"0\",\"I15\":\"0\",\"I16\":\"0\",\"I17\":\"0\",\"I18\":\"0\",\"I19\":\"0\",\"I20\":\"0\"}'),
(62, 2, 2, 2015, '{\"I1\":\"0\",\"I2\":\"0\",\"I3\":\"0\",\"I4\":\"0\",\"I5\":\"0\",\"I6\":\"0\",\"I7\":\"0\",\"I8\":\"0\",\"I9\":\"0\",\"I10\":\"0\",\"I11\":\"0\",\"I12\":\"0\",\"I13\":\"0\",\"I14\":\"0\",\"I15\":\"0\",\"I16\":\"0\",\"I17\":\"0\",\"I18\":\"0\",\"I19\":\"0\",\"I20\":\"0\"}'),
(63, 2, 3, 2015, '{\"I1\":\"0\",\"I2\":\"0\",\"I3\":\"0\",\"I4\":\"0\",\"I5\":\"0\",\"I6\":\"0\",\"I7\":\"0\",\"I8\":\"0\",\"I9\":\"0\",\"I10\":\"0\",\"I11\":\"0\",\"I12\":\"0\",\"I13\":\"0\",\"I14\":\"0\",\"I15\":\"0\",\"I16\":\"0\",\"I17\":\"0\",\"I18\":\"0\",\"I19\":\"0\",\"I20\":\"0\"}'),
(64, 2, 4, 2015, '{\"I1\":\"0\",\"I2\":\"0\",\"I3\":\"0\",\"I4\":\"0\",\"I5\":\"0\",\"I6\":\"0\",\"I7\":\"0\",\"I8\":\"0\",\"I9\":\"0\",\"I10\":\"0\",\"I11\":\"0\",\"I12\":\"0\",\"I13\":\"0\",\"I14\":\"0\",\"I15\":\"0\",\"I16\":\"0\",\"I17\":\"0\",\"I18\":\"0\",\"I19\":\"0\",\"I20\":\"0\"}'),
(65, 2, 5, 2015, '{\"I1\":\"0\",\"I2\":\"0\",\"I3\":\"0\",\"I4\":\"0\",\"I5\":\"0\",\"I6\":\"0\",\"I7\":\"0\",\"I8\":\"0\",\"I9\":\"0\",\"I10\":\"0\",\"I11\":\"0\",\"I12\":\"0\",\"I13\":\"0\",\"I14\":\"0\",\"I15\":\"0\",\"I16\":\"0\",\"I17\":\"0\",\"I18\":\"0\",\"I19\":\"0\",\"I20\":\"0\"}'),
(66, 2, 6, 2015, '{\"I1\":\"0\",\"I2\":\"0\",\"I3\":\"0\",\"I4\":\"0\",\"I5\":\"0\",\"I6\":\"0\",\"I7\":\"0\",\"I8\":\"0\",\"I9\":\"0\",\"I10\":\"0\",\"I11\":\"0\",\"I12\":\"0\",\"I13\":\"0\",\"I14\":\"0\",\"I15\":\"0\",\"I16\":\"0\",\"I17\":\"0\",\"I18\":\"0\",\"I19\":\"0\",\"I20\":\"0\"}'),
(67, 2, 7, 2015, '{\"I1\":\"0\",\"I2\":\"0\",\"I3\":\"0\",\"I4\":\"0\",\"I5\":\"0\",\"I6\":\"0\",\"I7\":\"0\",\"I8\":\"0\",\"I9\":\"0\",\"I10\":\"0\",\"I11\":\"0\",\"I12\":\"0\",\"I13\":\"0\",\"I14\":\"0\",\"I15\":\"0\",\"I16\":\"0\",\"I17\":\"0\",\"I18\":\"0\",\"I19\":\"0\",\"I20\":\"0\"}'),
(68, 2, 8, 2015, '{\"I1\":\"0\",\"I2\":\"0\",\"I3\":\"0\",\"I4\":\"0\",\"I5\":\"0\",\"I6\":\"0\",\"I7\":\"0\",\"I8\":\"0\",\"I9\":\"0\",\"I10\":\"0\",\"I11\":\"0\",\"I12\":\"0\",\"I13\":\"0\",\"I14\":\"0\",\"I15\":\"0\",\"I16\":\"0\",\"I17\":\"0\",\"I18\":\"0\",\"I19\":\"0\",\"I20\":\"0\"}'),
(69, 2, 9, 2015, '{\"I1\":\"0\",\"I2\":\"0\",\"I3\":\"0\",\"I4\":\"0\",\"I5\":\"0\",\"I6\":\"0\",\"I7\":\"0\",\"I8\":\"0\",\"I9\":\"0\",\"I10\":\"0\",\"I11\":\"0\",\"I12\":\"0\",\"I13\":\"0\",\"I14\":\"0\",\"I15\":\"0\",\"I16\":\"0\",\"I17\":\"0\",\"I18\":\"0\",\"I19\":\"0\",\"I20\":\"0\"}'),
(70, 2, 10, 2015, '{\"I1\":\"0\",\"I2\":\"0\",\"I3\":\"0\",\"I4\":\"0\",\"I5\":\"0\",\"I6\":\"0\",\"I7\":\"0\",\"I8\":\"0\",\"I9\":\"0\",\"I10\":\"0\",\"I11\":\"0\",\"I12\":\"0\",\"I13\":\"0\",\"I14\":\"0\",\"I15\":\"0\",\"I16\":\"0\",\"I17\":\"0\",\"I18\":\"0\",\"I19\":\"0\",\"I20\":\"0\"}'),
(71, 2, 11, 2015, '{\"I1\":\"0\",\"I2\":\"0\",\"I3\":\"0\",\"I4\":\"0\",\"I5\":\"0\",\"I6\":\"0\",\"I7\":\"0\",\"I8\":\"0\",\"I9\":\"0\",\"I10\":\"0\",\"I11\":\"0\",\"I12\":\"0\",\"I13\":\"0\",\"I14\":\"0\",\"I15\":\"0\",\"I16\":\"0\",\"I17\":\"0\",\"I18\":\"0\",\"I19\":\"0\",\"I20\":\"0\"}'),
(72, 2, 12, 2015, '{\"I1\":\"0\",\"I2\":\"0\",\"I3\":\"0\",\"I4\":\"0\",\"I5\":\"0\",\"I6\":\"0\",\"I7\":\"0\",\"I8\":\"0\",\"I9\":\"0\",\"I10\":\"0\",\"I11\":\"0\",\"I12\":\"0\",\"I13\":\"0\",\"I14\":\"0\",\"I15\":\"0\",\"I16\":\"0\",\"I17\":\"0\",\"I18\":\"0\",\"I19\":\"0\",\"I20\":\"0\"}'),
(73, 2, 1, 2016, '{\"I1\":\"0\",\"I2\":\"0\",\"I3\":\"0\",\"I4\":\"0\",\"I5\":\"0\",\"I6\":\"0\",\"I7\":\"0\",\"I8\":\"0\",\"I9\":\"0\",\"I10\":\"0\",\"I11\":\"0\",\"I12\":\"0\",\"I13\":\"0\",\"I14\":\"0\",\"I15\":\"0\",\"I16\":\"0\",\"I17\":\"0\",\"I18\":\"0\",\"I19\":\"0\",\"I20\":\"0\"}'),
(74, 2, 2, 2016, '{\"I1\":\"0\",\"I2\":\"0\",\"I3\":\"0\",\"I4\":\"0\",\"I5\":\"0\",\"I6\":\"0\",\"I7\":\"0\",\"I8\":\"0\",\"I9\":\"0\",\"I10\":\"0\",\"I11\":\"0\",\"I12\":\"0\",\"I13\":\"0\",\"I14\":\"0\",\"I15\":\"0\",\"I16\":\"0\",\"I17\":\"0\",\"I18\":\"0\",\"I19\":\"0\",\"I20\":\"0\"}'),
(75, 2, 3, 2016, '{\"I1\":\"0\",\"I2\":\"0\",\"I3\":\"0\",\"I4\":\"0\",\"I5\":\"0\",\"I6\":\"0\",\"I7\":\"0\",\"I8\":\"0\",\"I9\":\"0\",\"I10\":\"0\",\"I11\":\"0\",\"I12\":\"0\",\"I13\":\"0\",\"I14\":\"0\",\"I15\":\"0\",\"I16\":\"0\",\"I17\":\"0\",\"I18\":\"0\",\"I19\":\"0\",\"I20\":\"0\"}'),
(76, 2, 4, 2016, '{\"I1\":\"0\",\"I2\":\"0\",\"I3\":\"0\",\"I4\":\"0\",\"I5\":\"0\",\"I6\":\"0\",\"I7\":\"0\",\"I8\":\"0\",\"I9\":\"0\",\"I10\":\"0\",\"I11\":\"0\",\"I12\":\"0\",\"I13\":\"0\",\"I14\":\"0\",\"I15\":\"0\",\"I16\":\"0\",\"I17\":\"0\",\"I18\":\"0\",\"I19\":\"0\",\"I20\":\"0\"}'),
(77, 2, 5, 2016, '{\"I1\":\"0\",\"I2\":\"0\",\"I3\":\"0\",\"I4\":\"0\",\"I5\":\"0\",\"I6\":\"0\",\"I7\":\"0\",\"I8\":\"0\",\"I9\":\"0\",\"I10\":\"0\",\"I11\":\"0\",\"I12\":\"0\",\"I13\":\"0\",\"I14\":\"0\",\"I15\":\"0\",\"I16\":\"0\",\"I17\":\"0\",\"I18\":\"0\",\"I19\":\"0\",\"I20\":\"0\"}'),
(78, 2, 6, 2016, '{\"I1\":\"0\",\"I2\":\"0\",\"I3\":\"0\",\"I4\":\"0\",\"I5\":\"0\",\"I6\":\"0\",\"I7\":\"0\",\"I8\":\"0\",\"I9\":\"0\",\"I10\":\"0\",\"I11\":\"0\",\"I12\":\"0\",\"I13\":\"0\",\"I14\":\"0\",\"I15\":\"0\",\"I16\":\"0\",\"I17\":\"0\",\"I18\":\"0\",\"I19\":\"0\",\"I20\":\"0\"}'),
(79, 2, 7, 2016, '{\"I1\":\"0\",\"I2\":\"0\",\"I3\":\"0\",\"I4\":\"0\",\"I5\":\"0\",\"I6\":\"0\",\"I7\":\"0\",\"I8\":\"0\",\"I9\":\"0\",\"I10\":\"0\",\"I11\":\"0\",\"I12\":\"0\",\"I13\":\"0\",\"I14\":\"0\",\"I15\":\"0\",\"I16\":\"0\",\"I17\":\"0\",\"I18\":\"0\",\"I19\":\"0\",\"I20\":\"0\"}'),
(80, 2, 8, 2016, '{\"I1\":\"0\",\"I2\":\"0\",\"I3\":\"0\",\"I4\":\"0\",\"I5\":\"0\",\"I6\":\"0\",\"I7\":\"0\",\"I8\":\"0\",\"I9\":\"0\",\"I10\":\"0\",\"I11\":\"0\",\"I12\":\"0\",\"I13\":\"0\",\"I14\":\"0\",\"I15\":\"0\",\"I16\":\"0\",\"I17\":\"0\",\"I18\":\"0\",\"I19\":\"0\",\"I20\":\"0\"}'),
(81, 2, 9, 2016, '{\"I1\":\"0\",\"I2\":\"0\",\"I3\":\"0\",\"I4\":\"0\",\"I5\":\"0\",\"I6\":\"0\",\"I7\":\"0\",\"I8\":\"0\",\"I9\":\"0\",\"I10\":\"0\",\"I11\":\"0\",\"I12\":\"0\",\"I13\":\"0\",\"I14\":\"0\",\"I15\":\"0\",\"I16\":\"0\",\"I17\":\"0\",\"I18\":\"0\",\"I19\":\"0\",\"I20\":\"0\"}'),
(82, 2, 10, 2016, '{\"I1\":\"0\",\"I2\":\"0\",\"I3\":\"0\",\"I4\":\"0\",\"I5\":\"0\",\"I6\":\"0\",\"I7\":\"0\",\"I8\":\"0\",\"I9\":\"0\",\"I10\":\"0\",\"I11\":\"0\",\"I12\":\"0\",\"I13\":\"0\",\"I14\":\"0\",\"I15\":\"0\",\"I16\":\"0\",\"I17\":\"0\",\"I18\":\"0\",\"I19\":\"0\",\"I20\":\"0\"}'),
(83, 2, 11, 2016, '{\"I1\":\"0\",\"I2\":\"0\",\"I3\":\"0\",\"I4\":\"0\",\"I5\":\"0\",\"I6\":\"0\",\"I7\":\"0\",\"I8\":\"0\",\"I9\":\"0\",\"I10\":\"0\",\"I11\":\"0\",\"I12\":\"0\",\"I13\":\"0\",\"I14\":\"0\",\"I15\":\"0\",\"I16\":\"0\",\"I17\":\"0\",\"I18\":\"0\",\"I19\":\"0\",\"I20\":\"0\"}'),
(84, 2, 12, 2016, '{\"I1\":\"0\",\"I2\":\"0\",\"I3\":\"0\",\"I4\":\"0\",\"I5\":\"0\",\"I6\":\"0\",\"I7\":\"0\",\"I8\":\"0\",\"I9\":\"0\",\"I10\":\"0\",\"I11\":\"0\",\"I12\":\"0\",\"I13\":\"0\",\"I14\":\"0\",\"I15\":\"0\",\"I16\":\"0\",\"I17\":\"0\",\"I18\":\"0\",\"I19\":\"0\",\"I20\":\"0\"}'),
(85, 2, 1, 2017, '{\"I1\":\"0\",\"I2\":\"0\",\"I3\":\"0\",\"I4\":\"0\",\"I5\":\"0\",\"I6\":\"0\",\"I7\":\"0\",\"I8\":\"0\",\"I9\":\"0\",\"I10\":\"0\",\"I11\":\"0\",\"I12\":\"0\",\"I13\":\"0\",\"I14\":\"0\",\"I15\":\"0\",\"I16\":\"0\",\"I17\":\"0\",\"I18\":\"0\",\"I19\":\"0\",\"I20\":\"0\"}'),
(86, 2, 2, 2017, '{\"I1\":\"0\",\"I2\":\"0\",\"I3\":\"0\",\"I4\":\"0\",\"I5\":\"0\",\"I6\":\"0\",\"I7\":\"0\",\"I8\":\"0\",\"I9\":\"0\",\"I10\":\"0\",\"I11\":\"0\",\"I12\":\"0\",\"I13\":\"0\",\"I14\":\"0\",\"I15\":\"0\",\"I16\":\"0\",\"I17\":\"0\",\"I18\":\"0\",\"I19\":\"0\",\"I20\":\"0\"}'),
(87, 2, 3, 2017, '{\"I1\":\"0\",\"I2\":\"0\",\"I3\":\"0\",\"I4\":\"0\",\"I5\":\"0\",\"I6\":\"0\",\"I7\":\"0\",\"I8\":\"0\",\"I9\":\"0\",\"I10\":\"0\",\"I11\":\"0\",\"I12\":\"0\",\"I13\":\"0\",\"I14\":\"0\",\"I15\":\"0\",\"I16\":\"0\",\"I17\":\"0\",\"I18\":\"0\",\"I19\":\"0\",\"I20\":\"0\"}'),
(88, 2, 4, 2017, '{\"I1\":\"0\",\"I2\":\"0\",\"I3\":\"0\",\"I4\":\"0\",\"I5\":\"0\",\"I6\":\"0\",\"I7\":\"0\",\"I8\":\"0\",\"I9\":\"0\",\"I10\":\"0\",\"I11\":\"0\",\"I12\":\"0\",\"I13\":\"0\",\"I14\":\"0\",\"I15\":\"0\",\"I16\":\"0\",\"I17\":\"0\",\"I18\":\"0\",\"I19\":\"0\",\"I20\":\"0\"}'),
(89, 2, 5, 2017, '{\"I1\":\"0\",\"I2\":\"0\",\"I3\":\"0\",\"I4\":\"0\",\"I5\":\"0\",\"I6\":\"0\",\"I7\":\"0\",\"I8\":\"0\",\"I9\":\"0\",\"I10\":\"0\",\"I11\":\"0\",\"I12\":\"0\",\"I13\":\"0\",\"I14\":\"0\",\"I15\":\"0\",\"I16\":\"0\",\"I17\":\"0\",\"I18\":\"0\",\"I19\":\"0\",\"I20\":\"0\"}'),
(90, 2, 6, 2017, '{\"I1\":\"0\",\"I2\":\"0\",\"I3\":\"0\",\"I4\":\"0\",\"I5\":\"0\",\"I6\":\"0\",\"I7\":\"0\",\"I8\":\"0\",\"I9\":\"0\",\"I10\":\"0\",\"I11\":\"0\",\"I12\":\"0\",\"I13\":\"0\",\"I14\":\"0\",\"I15\":\"0\",\"I16\":\"0\",\"I17\":\"0\",\"I18\":\"0\",\"I19\":\"0\",\"I20\":\"0\"}'),
(91, 2, 7, 2017, '{\"I1\":\"0\",\"I2\":\"0\",\"I3\":\"0\",\"I4\":\"0\",\"I5\":\"0\",\"I6\":\"0\",\"I7\":\"0\",\"I8\":\"0\",\"I9\":\"0\",\"I10\":\"0\",\"I11\":\"0\",\"I12\":\"0\",\"I13\":\"0\",\"I14\":\"0\",\"I15\":\"0\",\"I16\":\"0\",\"I17\":\"0\",\"I18\":\"0\",\"I19\":\"0\",\"I20\":\"0\"}'),
(92, 2, 8, 2017, '{\"I1\":\"0\",\"I2\":\"0\",\"I3\":\"0\",\"I4\":\"0\",\"I5\":\"0\",\"I6\":\"0\",\"I7\":\"0\",\"I8\":\"0\",\"I9\":\"0\",\"I10\":\"0\",\"I11\":\"0\",\"I12\":\"0\",\"I13\":\"0\",\"I14\":\"0\",\"I15\":\"0\",\"I16\":\"0\",\"I17\":\"0\",\"I18\":\"0\",\"I19\":\"0\",\"I20\":\"0\"}'),
(93, 2, 9, 2017, '{\"I1\":\"0\",\"I2\":\"0\",\"I3\":\"0\",\"I4\":\"0\",\"I5\":\"0\",\"I6\":\"0\",\"I7\":\"0\",\"I8\":\"0\",\"I9\":\"0\",\"I10\":\"0\",\"I11\":\"0\",\"I12\":\"0\",\"I13\":\"0\",\"I14\":\"0\",\"I15\":\"0\",\"I16\":\"0\",\"I17\":\"0\",\"I18\":\"0\",\"I19\":\"0\",\"I20\":\"0\"}'),
(94, 2, 10, 2017, '{\"I1\":\"0\",\"I2\":\"0\",\"I3\":\"0\",\"I4\":\"0\",\"I5\":\"0\",\"I6\":\"0\",\"I7\":\"0\",\"I8\":\"0\",\"I9\":\"0\",\"I10\":\"0\",\"I11\":\"0\",\"I12\":\"0\",\"I13\":\"0\",\"I14\":\"0\",\"I15\":\"0\",\"I16\":\"0\",\"I17\":\"0\",\"I18\":\"0\",\"I19\":\"0\",\"I20\":\"0\"}'),
(95, 2, 11, 2017, '{\"I1\":\"0\",\"I2\":\"0\",\"I3\":\"0\",\"I4\":\"0\",\"I5\":\"0\",\"I6\":\"0\",\"I7\":\"0\",\"I8\":\"0\",\"I9\":\"0\",\"I10\":\"0\",\"I11\":\"0\",\"I12\":\"0\",\"I13\":\"0\",\"I14\":\"0\",\"I15\":\"0\",\"I16\":\"0\",\"I17\":\"0\",\"I18\":\"0\",\"I19\":\"0\",\"I20\":\"0\"}'),
(96, 2, 12, 2017, '{\"I1\":\"0\",\"I2\":\"0\",\"I3\":\"0\",\"I4\":\"0\",\"I5\":\"0\",\"I6\":\"0\",\"I7\":\"0\",\"I8\":\"0\",\"I9\":\"0\",\"I10\":\"0\",\"I11\":\"0\",\"I12\":\"0\",\"I13\":\"0\",\"I14\":\"0\",\"I15\":\"0\",\"I16\":\"0\",\"I17\":\"0\",\"I18\":\"0\",\"I19\":\"0\",\"I20\":\"0\"}'),
(97, 2, 1, 2018, '{\"I1\":\"0\",\"I2\":\"0\",\"I3\":\"0\",\"I4\":\"0\",\"I5\":\"0\",\"I6\":\"0\",\"I7\":\"0\",\"I8\":\"0\",\"I9\":\"0\",\"I10\":\"0\",\"I11\":\"0\",\"I12\":\"0\",\"I13\":\"0\",\"I14\":\"0\",\"I15\":\"0\",\"I16\":\"0\",\"I17\":\"0\",\"I18\":\"0\",\"I19\":\"0\",\"I20\":\"0\"}'),
(98, 2, 2, 2018, '{\"I1\":\"0\",\"I2\":\"0\",\"I3\":\"0\",\"I4\":\"0\",\"I5\":\"0\",\"I6\":\"0\",\"I7\":\"0\",\"I8\":\"0\",\"I9\":\"0\",\"I10\":\"0\",\"I11\":\"0\",\"I12\":\"0\",\"I13\":\"0\",\"I14\":\"0\",\"I15\":\"0\",\"I16\":\"0\",\"I17\":\"0\",\"I18\":\"0\",\"I19\":\"0\",\"I20\":\"0\"}'),
(99, 2, 3, 2018, '{\"I1\":\"0\",\"I2\":\"0\",\"I3\":\"0\",\"I4\":\"0\",\"I5\":\"0\",\"I6\":\"0\",\"I7\":\"0\",\"I8\":\"0\",\"I9\":\"0\",\"I10\":\"0\",\"I11\":\"0\",\"I12\":\"0\",\"I13\":\"0\",\"I14\":\"0\",\"I15\":\"0\",\"I16\":\"0\",\"I17\":\"0\",\"I18\":\"0\",\"I19\":\"0\",\"I20\":\"0\"}'),
(100, 2, 4, 2018, '{\"I1\":\"0\",\"I2\":\"0\",\"I3\":\"0\",\"I4\":\"0\",\"I5\":\"0\",\"I6\":\"0\",\"I7\":\"0\",\"I8\":\"0\",\"I9\":\"0\",\"I10\":\"0\",\"I11\":\"0\",\"I12\":\"0\",\"I13\":\"0\",\"I14\":\"0\",\"I15\":\"0\",\"I16\":\"0\",\"I17\":\"0\",\"I18\":\"0\",\"I19\":\"0\",\"I20\":\"0\"}'),
(101, 2, 5, 2018, '{\"I1\":\"0\",\"I2\":\"0\",\"I3\":\"0\",\"I4\":\"0\",\"I5\":\"0\",\"I6\":\"0\",\"I7\":\"0\",\"I8\":\"0\",\"I9\":\"0\",\"I10\":\"0\",\"I11\":\"0\",\"I12\":\"0\",\"I13\":\"0\",\"I14\":\"0\",\"I15\":\"0\",\"I16\":\"0\",\"I17\":\"0\",\"I18\":\"0\",\"I19\":\"0\",\"I20\":\"0\"}'),
(102, 2, 6, 2018, '{\"I1\":\"0\",\"I2\":\"0\",\"I3\":\"0\",\"I4\":\"0\",\"I5\":\"0\",\"I6\":\"0\",\"I7\":\"0\",\"I8\":\"0\",\"I9\":\"0\",\"I10\":\"0\",\"I11\":\"0\",\"I12\":\"0\",\"I13\":\"0\",\"I14\":\"0\",\"I15\":\"0\",\"I16\":\"0\",\"I17\":\"0\",\"I18\":\"0\",\"I19\":\"0\",\"I20\":\"0\"}'),
(103, 2, 7, 2018, '{\"I1\":\"0\",\"I2\":\"0\",\"I3\":\"0\",\"I4\":\"0\",\"I5\":\"0\",\"I6\":\"0\",\"I7\":\"0\",\"I8\":\"0\",\"I9\":\"0\",\"I10\":\"0\",\"I11\":\"0\",\"I12\":\"0\",\"I13\":\"0\",\"I14\":\"0\",\"I15\":\"0\",\"I16\":\"0\",\"I17\":\"0\",\"I18\":\"0\",\"I19\":\"0\",\"I20\":\"0\"}'),
(104, 2, 8, 2018, '{\"I1\":\"0\",\"I2\":\"0\",\"I3\":\"0\",\"I4\":\"0\",\"I5\":\"0\",\"I6\":\"0\",\"I7\":\"0\",\"I8\":\"0\",\"I9\":\"0\",\"I10\":\"0\",\"I11\":\"0\",\"I12\":\"0\",\"I13\":\"0\",\"I14\":\"0\",\"I15\":\"0\",\"I16\":\"0\",\"I17\":\"0\",\"I18\":\"0\",\"I19\":\"0\",\"I20\":\"0\"}'),
(105, 2, 9, 2018, '{\"I1\":\"0\",\"I2\":\"0\",\"I3\":\"0\",\"I4\":\"0\",\"I5\":\"0\",\"I6\":\"0\",\"I7\":\"0\",\"I8\":\"0\",\"I9\":\"0\",\"I10\":\"0\",\"I11\":\"0\",\"I12\":\"0\",\"I13\":\"0\",\"I14\":\"0\",\"I15\":\"0\",\"I16\":\"0\",\"I17\":\"0\",\"I18\":\"0\",\"I19\":\"0\",\"I20\":\"0\"}'),
(106, 2, 10, 2018, '{\"I1\":\"0\",\"I2\":\"0\",\"I3\":\"0\",\"I4\":\"0\",\"I5\":\"0\",\"I6\":\"0\",\"I7\":\"0\",\"I8\":\"0\",\"I9\":\"0\",\"I10\":\"0\",\"I11\":\"0\",\"I12\":\"0\",\"I13\":\"0\",\"I14\":\"0\",\"I15\":\"0\",\"I16\":\"0\",\"I17\":\"0\",\"I18\":\"0\",\"I19\":\"0\",\"I20\":\"0\"}'),
(107, 2, 11, 2018, '{\"I1\":\"0\",\"I2\":\"0\",\"I3\":\"0\",\"I4\":\"0\",\"I5\":\"0\",\"I6\":\"0\",\"I7\":\"0\",\"I8\":\"0\",\"I9\":\"0\",\"I10\":\"0\",\"I11\":\"0\",\"I12\":\"0\",\"I13\":\"0\",\"I14\":\"0\",\"I15\":\"0\",\"I16\":\"0\",\"I17\":\"0\",\"I18\":\"0\",\"I19\":\"0\",\"I20\":\"0\"}'),
(108, 2, 12, 2018, '{\"I1\":\"0\",\"I2\":\"0\",\"I3\":\"0\",\"I4\":\"0\",\"I5\":\"0\",\"I6\":\"0\",\"I7\":\"0\",\"I8\":\"0\",\"I9\":\"0\",\"I10\":\"0\",\"I11\":\"0\",\"I12\":\"0\",\"I13\":\"0\",\"I14\":\"0\",\"I15\":\"0\",\"I16\":\"0\",\"I17\":\"0\",\"I18\":\"0\",\"I19\":\"0\",\"I20\":\"0\"}'),
(109, 2, 1, 2019, '{\"I1\":\"10.63\",\"I2\":\"2.56\",\"I3\":\"2\",\"I4\":\"2\",\"I5\":\"5.48\",\"I6\":\"5.48\",\"I7\":\"9.82\",\"I8\":\"9.82\",\"I9\":\"9.82\",\"I10\":\"9.82\",\"I11\":\"9.81\",\"I12\":\"9.81\",\"I13\":\"9.81\",\"I14\":\"10.62\",\"I15\":\"10.62\",\"I16\":\"10.62\",\"I17\":\"10.62\",\"I18\":\"10.62\",\"I19\":\"10.62\",\"I20\":\"10.62\"}'),
(110, 2, 2, 2019, '{\"I1\":\"10.63\",\"I2\":\"2.56\",\"I3\":\"2\",\"I4\":\"2\",\"I5\":\"5.48\",\"I6\":\"5.48\",\"I7\":\"9.82\",\"I8\":\"9.82\",\"I9\":\"9.82\",\"I10\":\"9.82\",\"I11\":\"9.81\",\"I12\":\"9.81\",\"I13\":\"9.81\",\"I14\":\"10.62\",\"I15\":\"10.62\",\"I16\":\"10.62\",\"I17\":\"10.62\",\"I18\":\"10.62\",\"I19\":\"10.62\",\"I20\":\"10.62\"}'),
(111, 2, 3, 2019, '{\"I1\":\"10.63\",\"I2\":\"2.56\",\"I3\":\"2\",\"I4\":\"2\",\"I5\":\"5.48\",\"I6\":\"5.48\",\"I7\":\"9.82\",\"I8\":\"9.82\",\"I9\":\"9.82\",\"I10\":\"9.82\",\"I11\":\"9.81\",\"I12\":\"9.81\",\"I13\":\"9.81\",\"I14\":\"10.62\",\"I15\":\"10.62\",\"I16\":\"10.62\",\"I17\":\"10.62\",\"I18\":\"10.62\",\"I19\":\"10.62\",\"I20\":\"10.62\"}'),
(112, 2, 4, 2019, '{\"I1\":\"10.63\",\"I2\":\"2.56\",\"I3\":\"2\",\"I4\":\"2\",\"I5\":\"5.48\",\"I6\":\"5.48\",\"I7\":\"9.82\",\"I8\":\"9.82\",\"I9\":\"9.82\",\"I10\":\"9.82\",\"I11\":\"9.81\",\"I12\":\"9.81\",\"I13\":\"9.81\",\"I14\":\"10.62\",\"I15\":\"10.62\",\"I16\":\"10.62\",\"I17\":\"10.62\",\"I18\":\"10.62\",\"I19\":\"10.62\",\"I20\":\"10.62\"}'),
(113, 2, 5, 2019, '{\"I1\":\"10.63\",\"I2\":\"2.56\",\"I3\":\"2\",\"I4\":\"2\",\"I5\":\"5.48\",\"I6\":\"5.48\",\"I7\":\"9.82\",\"I8\":\"9.82\",\"I9\":\"9.82\",\"I10\":\"9.82\",\"I11\":\"9.81\",\"I12\":\"9.81\",\"I13\":\"9.81\",\"I14\":\"10.62\",\"I15\":\"10.62\",\"I16\":\"10.62\",\"I17\":\"10.62\",\"I18\":\"10.62\",\"I19\":\"10.62\",\"I20\":\"10.62\"}'),
(114, 2, 6, 2019, '{\"I1\":\"10.63\",\"I2\":\"2.56\",\"I3\":\"2\",\"I4\":\"2\",\"I5\":\"5.48\",\"I6\":\"5.48\",\"I7\":\"9.82\",\"I8\":\"9.82\",\"I9\":\"9.82\",\"I10\":\"9.82\",\"I11\":\"9.81\",\"I12\":\"9.81\",\"I13\":\"9.81\",\"I14\":\"10.62\",\"I15\":\"10.62\",\"I16\":\"10.62\",\"I17\":\"10.62\",\"I18\":\"10.62\",\"I19\":\"10.62\",\"I20\":\"10.62\"}'),
(115, 2, 7, 2019, '{\"I1\":\"0\",\"I2\":\"0\",\"I3\":\"0\",\"I4\":\"0\",\"I5\":\"0\",\"I6\":\"0\",\"I7\":\"0\",\"I8\":\"0\",\"I9\":\"0\",\"I10\":\"0\",\"I11\":\"0\",\"I12\":\"0\",\"I13\":\"0\",\"I14\":\"0\",\"I15\":\"0\",\"I16\":\"0\",\"I17\":\"0\",\"I18\":\"0\",\"I19\":\"0\",\"I20\":\"0\"}'),
(116, 2, 8, 2019, '{\"I1\":\"0\",\"I2\":\"0\",\"I3\":\"0\",\"I4\":\"0\",\"I5\":\"0\",\"I6\":\"0\",\"I7\":\"0\",\"I8\":\"0\",\"I9\":\"0\",\"I10\":\"0\",\"I11\":\"0\",\"I12\":\"0\",\"I13\":\"0\",\"I14\":\"0\",\"I15\":\"0\",\"I16\":\"0\",\"I17\":\"0\",\"I18\":\"0\",\"I19\":\"0\",\"I20\":\"0\"}'),
(117, 2, 9, 2019, '{\"I1\":\"0\",\"I2\":\"0\",\"I3\":\"0\",\"I4\":\"0\",\"I5\":\"0\",\"I6\":\"0\",\"I7\":\"0\",\"I8\":\"0\",\"I9\":\"0\",\"I10\":\"0\",\"I11\":\"0\",\"I12\":\"0\",\"I13\":\"0\",\"I14\":\"0\",\"I15\":\"0\",\"I16\":\"0\",\"I17\":\"0\",\"I18\":\"0\",\"I19\":\"0\",\"I20\":\"0\"}'),
(118, 2, 10, 2019, '{\"I1\":\"0\",\"I2\":\"0\",\"I3\":\"0\",\"I4\":\"0\",\"I5\":\"0\",\"I6\":\"0\",\"I7\":\"0\",\"I8\":\"0\",\"I9\":\"0\",\"I10\":\"0\",\"I11\":\"0\",\"I12\":\"0\",\"I13\":\"0\",\"I14\":\"0\",\"I15\":\"0\",\"I16\":\"0\",\"I17\":\"0\",\"I18\":\"0\",\"I19\":\"0\",\"I20\":\"0\"}'),
(119, 2, 11, 2019, '{\"I1\":\"0\",\"I2\":\"0\",\"I3\":\"0\",\"I4\":\"0\",\"I5\":\"0\",\"I6\":\"0\",\"I7\":\"0\",\"I8\":\"0\",\"I9\":\"0\",\"I10\":\"0\",\"I11\":\"0\",\"I12\":\"0\",\"I13\":\"0\",\"I14\":\"0\",\"I15\":\"0\",\"I16\":\"0\",\"I17\":\"0\",\"I18\":\"0\",\"I19\":\"0\",\"I20\":\"0\"}'),
(120, 2, 12, 2019, '{\"I1\":\"0\",\"I2\":\"0\",\"I3\":\"0\",\"I4\":\"0\",\"I5\":\"0\",\"I6\":\"0\",\"I7\":\"0\",\"I8\":\"0\",\"I9\":\"0\",\"I10\":\"0\",\"I11\":\"0\",\"I12\":\"0\",\"I13\":\"0\",\"I14\":\"0\",\"I15\":\"0\",\"I16\":\"0\",\"I17\":\"0\",\"I18\":\"0\",\"I19\":\"0\",\"I20\":\"0\"}'),
(121, 3, 1, 2015, '{\"I1\":\"0\",\"I2\":\"0\",\"I3\":\"0\",\"I4\":\"0\",\"I5\":\"0\",\"I6\":\"0\",\"I7\":\"0\",\"I8\":\"0\",\"I9\":\"0\",\"I10\":\"0\",\"I11\":\"0\",\"I12\":\"0\",\"I13\":\"0\",\"I14\":\"0\",\"I15\":\"0\",\"I16\":\"0\",\"I17\":\"0\",\"I18\":\"0\",\"I19\":\"0\",\"I20\":\"0\"}'),
(122, 3, 2, 2015, '{\"I1\":\"0\",\"I2\":\"0\",\"I3\":\"0\",\"I4\":\"0\",\"I5\":\"0\",\"I6\":\"0\",\"I7\":\"0\",\"I8\":\"0\",\"I9\":\"0\",\"I10\":\"0\",\"I11\":\"0\",\"I12\":\"0\",\"I13\":\"0\",\"I14\":\"0\",\"I15\":\"0\",\"I16\":\"0\",\"I17\":\"0\",\"I18\":\"0\",\"I19\":\"0\",\"I20\":\"0\"}'),
(123, 3, 3, 2015, '{\"I1\":\"0\",\"I2\":\"0\",\"I3\":\"0\",\"I4\":\"0\",\"I5\":\"0\",\"I6\":\"0\",\"I7\":\"0\",\"I8\":\"0\",\"I9\":\"0\",\"I10\":\"0\",\"I11\":\"0\",\"I12\":\"0\",\"I13\":\"0\",\"I14\":\"0\",\"I15\":\"0\",\"I16\":\"0\",\"I17\":\"0\",\"I18\":\"0\",\"I19\":\"0\",\"I20\":\"0\"}'),
(124, 3, 4, 2015, '{\"I1\":\"0\",\"I2\":\"0\",\"I3\":\"0\",\"I4\":\"0\",\"I5\":\"0\",\"I6\":\"0\",\"I7\":\"0\",\"I8\":\"0\",\"I9\":\"0\",\"I10\":\"0\",\"I11\":\"0\",\"I12\":\"0\",\"I13\":\"0\",\"I14\":\"0\",\"I15\":\"0\",\"I16\":\"0\",\"I17\":\"0\",\"I18\":\"0\",\"I19\":\"0\",\"I20\":\"0\"}'),
(125, 3, 5, 2015, '{\"I1\":\"0\",\"I2\":\"0\",\"I3\":\"0\",\"I4\":\"0\",\"I5\":\"0\",\"I6\":\"0\",\"I7\":\"0\",\"I8\":\"0\",\"I9\":\"0\",\"I10\":\"0\",\"I11\":\"0\",\"I12\":\"0\",\"I13\":\"0\",\"I14\":\"0\",\"I15\":\"0\",\"I16\":\"0\",\"I17\":\"0\",\"I18\":\"0\",\"I19\":\"0\",\"I20\":\"0\"}'),
(126, 3, 6, 2015, '{\"I1\":\"0\",\"I2\":\"0\",\"I3\":\"0\",\"I4\":\"0\",\"I5\":\"0\",\"I6\":\"0\",\"I7\":\"0\",\"I8\":\"0\",\"I9\":\"0\",\"I10\":\"0\",\"I11\":\"0\",\"I12\":\"0\",\"I13\":\"0\",\"I14\":\"0\",\"I15\":\"0\",\"I16\":\"0\",\"I17\":\"0\",\"I18\":\"0\",\"I19\":\"0\",\"I20\":\"0\"}'),
(127, 3, 7, 2015, '{\"I1\":\"0\",\"I2\":\"0\",\"I3\":\"0\",\"I4\":\"0\",\"I5\":\"0\",\"I6\":\"0\",\"I7\":\"0\",\"I8\":\"0\",\"I9\":\"0\",\"I10\":\"0\",\"I11\":\"0\",\"I12\":\"0\",\"I13\":\"0\",\"I14\":\"0\",\"I15\":\"0\",\"I16\":\"0\",\"I17\":\"0\",\"I18\":\"0\",\"I19\":\"0\",\"I20\":\"0\"}'),
(128, 3, 8, 2015, '{\"I1\":\"0\",\"I2\":\"0\",\"I3\":\"0\",\"I4\":\"0\",\"I5\":\"0\",\"I6\":\"0\",\"I7\":\"0\",\"I8\":\"0\",\"I9\":\"0\",\"I10\":\"0\",\"I11\":\"0\",\"I12\":\"0\",\"I13\":\"0\",\"I14\":\"0\",\"I15\":\"0\",\"I16\":\"0\",\"I17\":\"0\",\"I18\":\"0\",\"I19\":\"0\",\"I20\":\"0\"}'),
(129, 3, 9, 2015, '{\"I1\":\"0\",\"I2\":\"0\",\"I3\":\"0\",\"I4\":\"0\",\"I5\":\"0\",\"I6\":\"0\",\"I7\":\"0\",\"I8\":\"0\",\"I9\":\"0\",\"I10\":\"0\",\"I11\":\"0\",\"I12\":\"0\",\"I13\":\"0\",\"I14\":\"0\",\"I15\":\"0\",\"I16\":\"0\",\"I17\":\"0\",\"I18\":\"0\",\"I19\":\"0\",\"I20\":\"0\"}'),
(130, 3, 10, 2015, '{\"I1\":\"0\",\"I2\":\"0\",\"I3\":\"0\",\"I4\":\"0\",\"I5\":\"0\",\"I6\":\"0\",\"I7\":\"0\",\"I8\":\"0\",\"I9\":\"0\",\"I10\":\"0\",\"I11\":\"0\",\"I12\":\"0\",\"I13\":\"0\",\"I14\":\"0\",\"I15\":\"0\",\"I16\":\"0\",\"I17\":\"0\",\"I18\":\"0\",\"I19\":\"0\",\"I20\":\"0\"}'),
(131, 3, 11, 2015, '{\"I1\":\"0\",\"I2\":\"0\",\"I3\":\"0\",\"I4\":\"0\",\"I5\":\"0\",\"I6\":\"0\",\"I7\":\"0\",\"I8\":\"0\",\"I9\":\"0\",\"I10\":\"0\",\"I11\":\"0\",\"I12\":\"0\",\"I13\":\"0\",\"I14\":\"0\",\"I15\":\"0\",\"I16\":\"0\",\"I17\":\"0\",\"I18\":\"0\",\"I19\":\"0\",\"I20\":\"0\"}'),
(132, 3, 12, 2015, '{\"I1\":\"0\",\"I2\":\"0\",\"I3\":\"0\",\"I4\":\"0\",\"I5\":\"0\",\"I6\":\"0\",\"I7\":\"0\",\"I8\":\"0\",\"I9\":\"0\",\"I10\":\"0\",\"I11\":\"0\",\"I12\":\"0\",\"I13\":\"0\",\"I14\":\"0\",\"I15\":\"0\",\"I16\":\"0\",\"I17\":\"0\",\"I18\":\"0\",\"I19\":\"0\",\"I20\":\"0\"}'),
(133, 3, 1, 2016, '{\"I1\":\"0\",\"I2\":\"0\",\"I3\":\"0\",\"I4\":\"0\",\"I5\":\"0\",\"I6\":\"0\",\"I7\":\"0\",\"I8\":\"0\",\"I9\":\"0\",\"I10\":\"0\",\"I11\":\"0\",\"I12\":\"0\",\"I13\":\"0\",\"I14\":\"0\",\"I15\":\"0\",\"I16\":\"0\",\"I17\":\"0\",\"I18\":\"0\",\"I19\":\"0\",\"I20\":\"0\"}'),
(134, 3, 2, 2016, '{\"I1\":\"0\",\"I2\":\"0\",\"I3\":\"0\",\"I4\":\"0\",\"I5\":\"0\",\"I6\":\"0\",\"I7\":\"0\",\"I8\":\"0\",\"I9\":\"0\",\"I10\":\"0\",\"I11\":\"0\",\"I12\":\"0\",\"I13\":\"0\",\"I14\":\"0\",\"I15\":\"0\",\"I16\":\"0\",\"I17\":\"0\",\"I18\":\"0\",\"I19\":\"0\",\"I20\":\"0\"}'),
(135, 3, 3, 2016, '{\"I1\":\"0\",\"I2\":\"0\",\"I3\":\"0\",\"I4\":\"0\",\"I5\":\"0\",\"I6\":\"0\",\"I7\":\"0\",\"I8\":\"0\",\"I9\":\"0\",\"I10\":\"0\",\"I11\":\"0\",\"I12\":\"0\",\"I13\":\"0\",\"I14\":\"0\",\"I15\":\"0\",\"I16\":\"0\",\"I17\":\"0\",\"I18\":\"0\",\"I19\":\"0\",\"I20\":\"0\"}'),
(136, 3, 4, 2016, '{\"I1\":\"0\",\"I2\":\"0\",\"I3\":\"0\",\"I4\":\"0\",\"I5\":\"0\",\"I6\":\"0\",\"I7\":\"0\",\"I8\":\"0\",\"I9\":\"0\",\"I10\":\"0\",\"I11\":\"0\",\"I12\":\"0\",\"I13\":\"0\",\"I14\":\"0\",\"I15\":\"0\",\"I16\":\"0\",\"I17\":\"0\",\"I18\":\"0\",\"I19\":\"0\",\"I20\":\"0\"}'),
(137, 3, 5, 2016, '{\"I1\":\"0\",\"I2\":\"0\",\"I3\":\"0\",\"I4\":\"0\",\"I5\":\"0\",\"I6\":\"0\",\"I7\":\"0\",\"I8\":\"0\",\"I9\":\"0\",\"I10\":\"0\",\"I11\":\"0\",\"I12\":\"0\",\"I13\":\"0\",\"I14\":\"0\",\"I15\":\"0\",\"I16\":\"0\",\"I17\":\"0\",\"I18\":\"0\",\"I19\":\"0\",\"I20\":\"0\"}'),
(138, 3, 6, 2016, '{\"I1\":\"0\",\"I2\":\"0\",\"I3\":\"0\",\"I4\":\"0\",\"I5\":\"0\",\"I6\":\"0\",\"I7\":\"0\",\"I8\":\"0\",\"I9\":\"0\",\"I10\":\"0\",\"I11\":\"0\",\"I12\":\"0\",\"I13\":\"0\",\"I14\":\"0\",\"I15\":\"0\",\"I16\":\"0\",\"I17\":\"0\",\"I18\":\"0\",\"I19\":\"0\",\"I20\":\"0\"}'),
(139, 3, 7, 2016, '{\"I1\":\"0\",\"I2\":\"0\",\"I3\":\"0\",\"I4\":\"0\",\"I5\":\"0\",\"I6\":\"0\",\"I7\":\"0\",\"I8\":\"0\",\"I9\":\"0\",\"I10\":\"0\",\"I11\":\"0\",\"I12\":\"0\",\"I13\":\"0\",\"I14\":\"0\",\"I15\":\"0\",\"I16\":\"0\",\"I17\":\"0\",\"I18\":\"0\",\"I19\":\"0\",\"I20\":\"0\"}'),
(140, 3, 8, 2016, '{\"I1\":\"0\",\"I2\":\"0\",\"I3\":\"0\",\"I4\":\"0\",\"I5\":\"0\",\"I6\":\"0\",\"I7\":\"0\",\"I8\":\"0\",\"I9\":\"0\",\"I10\":\"0\",\"I11\":\"0\",\"I12\":\"0\",\"I13\":\"0\",\"I14\":\"0\",\"I15\":\"0\",\"I16\":\"0\",\"I17\":\"0\",\"I18\":\"0\",\"I19\":\"0\",\"I20\":\"0\"}'),
(141, 3, 9, 2016, '{\"I1\":\"0\",\"I2\":\"0\",\"I3\":\"0\",\"I4\":\"0\",\"I5\":\"0\",\"I6\":\"0\",\"I7\":\"0\",\"I8\":\"0\",\"I9\":\"0\",\"I10\":\"0\",\"I11\":\"0\",\"I12\":\"0\",\"I13\":\"0\",\"I14\":\"0\",\"I15\":\"0\",\"I16\":\"0\",\"I17\":\"0\",\"I18\":\"0\",\"I19\":\"0\",\"I20\":\"0\"}'),
(142, 3, 10, 2016, '{\"I1\":\"0\",\"I2\":\"0\",\"I3\":\"0\",\"I4\":\"0\",\"I5\":\"0\",\"I6\":\"0\",\"I7\":\"0\",\"I8\":\"0\",\"I9\":\"0\",\"I10\":\"0\",\"I11\":\"0\",\"I12\":\"0\",\"I13\":\"0\",\"I14\":\"0\",\"I15\":\"0\",\"I16\":\"0\",\"I17\":\"0\",\"I18\":\"0\",\"I19\":\"0\",\"I20\":\"0\"}'),
(143, 3, 11, 2016, '{\"I1\":\"0\",\"I2\":\"0\",\"I3\":\"0\",\"I4\":\"0\",\"I5\":\"0\",\"I6\":\"0\",\"I7\":\"0\",\"I8\":\"0\",\"I9\":\"0\",\"I10\":\"0\",\"I11\":\"0\",\"I12\":\"0\",\"I13\":\"0\",\"I14\":\"0\",\"I15\":\"0\",\"I16\":\"0\",\"I17\":\"0\",\"I18\":\"0\",\"I19\":\"0\",\"I20\":\"0\"}'),
(144, 3, 12, 2016, '{\"I1\":\"0\",\"I2\":\"0\",\"I3\":\"0\",\"I4\":\"0\",\"I5\":\"0\",\"I6\":\"0\",\"I7\":\"0\",\"I8\":\"0\",\"I9\":\"0\",\"I10\":\"0\",\"I11\":\"0\",\"I12\":\"0\",\"I13\":\"0\",\"I14\":\"0\",\"I15\":\"0\",\"I16\":\"0\",\"I17\":\"0\",\"I18\":\"0\",\"I19\":\"0\",\"I20\":\"0\"}'),
(145, 3, 1, 2017, '{\"I1\":\"0\",\"I2\":\"0\",\"I3\":\"0\",\"I4\":\"0\",\"I5\":\"0\",\"I6\":\"0\",\"I7\":\"0\",\"I8\":\"0\",\"I9\":\"0\",\"I10\":\"0\",\"I11\":\"0\",\"I12\":\"0\",\"I13\":\"0\",\"I14\":\"0\",\"I15\":\"0\",\"I16\":\"0\",\"I17\":\"0\",\"I18\":\"0\",\"I19\":\"0\",\"I20\":\"0\"}'),
(146, 3, 2, 2017, '{\"I1\":\"0\",\"I2\":\"0\",\"I3\":\"0\",\"I4\":\"0\",\"I5\":\"0\",\"I6\":\"0\",\"I7\":\"0\",\"I8\":\"0\",\"I9\":\"0\",\"I10\":\"0\",\"I11\":\"0\",\"I12\":\"0\",\"I13\":\"0\",\"I14\":\"0\",\"I15\":\"0\",\"I16\":\"0\",\"I17\":\"0\",\"I18\":\"0\",\"I19\":\"0\",\"I20\":\"0\"}'),
(147, 3, 3, 2017, '{\"I1\":\"0\",\"I2\":\"0\",\"I3\":\"0\",\"I4\":\"0\",\"I5\":\"0\",\"I6\":\"0\",\"I7\":\"0\",\"I8\":\"0\",\"I9\":\"0\",\"I10\":\"0\",\"I11\":\"0\",\"I12\":\"0\",\"I13\":\"0\",\"I14\":\"0\",\"I15\":\"0\",\"I16\":\"0\",\"I17\":\"0\",\"I18\":\"0\",\"I19\":\"0\",\"I20\":\"0\"}'),
(148, 3, 4, 2017, '{\"I1\":\"0\",\"I2\":\"0\",\"I3\":\"0\",\"I4\":\"0\",\"I5\":\"0\",\"I6\":\"0\",\"I7\":\"0\",\"I8\":\"0\",\"I9\":\"0\",\"I10\":\"0\",\"I11\":\"0\",\"I12\":\"0\",\"I13\":\"0\",\"I14\":\"0\",\"I15\":\"0\",\"I16\":\"0\",\"I17\":\"0\",\"I18\":\"0\",\"I19\":\"0\",\"I20\":\"0\"}'),
(149, 3, 5, 2017, '{\"I1\":\"0\",\"I2\":\"0\",\"I3\":\"0\",\"I4\":\"0\",\"I5\":\"0\",\"I6\":\"0\",\"I7\":\"0\",\"I8\":\"0\",\"I9\":\"0\",\"I10\":\"0\",\"I11\":\"0\",\"I12\":\"0\",\"I13\":\"0\",\"I14\":\"0\",\"I15\":\"0\",\"I16\":\"0\",\"I17\":\"0\",\"I18\":\"0\",\"I19\":\"0\",\"I20\":\"0\"}'),
(150, 3, 6, 2017, '{\"I1\":\"0\",\"I2\":\"0\",\"I3\":\"0\",\"I4\":\"0\",\"I5\":\"0\",\"I6\":\"0\",\"I7\":\"0\",\"I8\":\"0\",\"I9\":\"0\",\"I10\":\"0\",\"I11\":\"0\",\"I12\":\"0\",\"I13\":\"0\",\"I14\":\"0\",\"I15\":\"0\",\"I16\":\"0\",\"I17\":\"0\",\"I18\":\"0\",\"I19\":\"0\",\"I20\":\"0\"}'),
(151, 3, 7, 2017, '{\"I1\":\"0\",\"I2\":\"0\",\"I3\":\"0\",\"I4\":\"0\",\"I5\":\"0\",\"I6\":\"0\",\"I7\":\"0\",\"I8\":\"0\",\"I9\":\"0\",\"I10\":\"0\",\"I11\":\"0\",\"I12\":\"0\",\"I13\":\"0\",\"I14\":\"0\",\"I15\":\"0\",\"I16\":\"0\",\"I17\":\"0\",\"I18\":\"0\",\"I19\":\"0\",\"I20\":\"0\"}'),
(152, 3, 8, 2017, '{\"I1\":\"0\",\"I2\":\"0\",\"I3\":\"0\",\"I4\":\"0\",\"I5\":\"0\",\"I6\":\"0\",\"I7\":\"0\",\"I8\":\"0\",\"I9\":\"0\",\"I10\":\"0\",\"I11\":\"0\",\"I12\":\"0\",\"I13\":\"0\",\"I14\":\"0\",\"I15\":\"0\",\"I16\":\"0\",\"I17\":\"0\",\"I18\":\"0\",\"I19\":\"0\",\"I20\":\"0\"}'),
(153, 3, 9, 2017, '{\"I1\":\"0\",\"I2\":\"0\",\"I3\":\"0\",\"I4\":\"0\",\"I5\":\"0\",\"I6\":\"0\",\"I7\":\"0\",\"I8\":\"0\",\"I9\":\"0\",\"I10\":\"0\",\"I11\":\"0\",\"I12\":\"0\",\"I13\":\"0\",\"I14\":\"0\",\"I15\":\"0\",\"I16\":\"0\",\"I17\":\"0\",\"I18\":\"0\",\"I19\":\"0\",\"I20\":\"0\"}'),
(154, 3, 10, 2017, '{\"I1\":\"0\",\"I2\":\"0\",\"I3\":\"0\",\"I4\":\"0\",\"I5\":\"0\",\"I6\":\"0\",\"I7\":\"0\",\"I8\":\"0\",\"I9\":\"0\",\"I10\":\"0\",\"I11\":\"0\",\"I12\":\"0\",\"I13\":\"0\",\"I14\":\"0\",\"I15\":\"0\",\"I16\":\"0\",\"I17\":\"0\",\"I18\":\"0\",\"I19\":\"0\",\"I20\":\"0\"}'),
(155, 3, 11, 2017, '{\"I1\":\"0\",\"I2\":\"0\",\"I3\":\"0\",\"I4\":\"0\",\"I5\":\"0\",\"I6\":\"0\",\"I7\":\"0\",\"I8\":\"0\",\"I9\":\"0\",\"I10\":\"0\",\"I11\":\"0\",\"I12\":\"0\",\"I13\":\"0\",\"I14\":\"0\",\"I15\":\"0\",\"I16\":\"0\",\"I17\":\"0\",\"I18\":\"0\",\"I19\":\"0\",\"I20\":\"0\"}'),
(156, 3, 12, 2017, '{\"I1\":\"0\",\"I2\":\"0\",\"I3\":\"0\",\"I4\":\"0\",\"I5\":\"0\",\"I6\":\"0\",\"I7\":\"0\",\"I8\":\"0\",\"I9\":\"0\",\"I10\":\"0\",\"I11\":\"0\",\"I12\":\"0\",\"I13\":\"0\",\"I14\":\"0\",\"I15\":\"0\",\"I16\":\"0\",\"I17\":\"0\",\"I18\":\"0\",\"I19\":\"0\",\"I20\":\"0\"}'),
(157, 3, 1, 2018, '{\"I1\":\"0\",\"I2\":\"0\",\"I3\":\"0\",\"I4\":\"0\",\"I5\":\"0\",\"I6\":\"0\",\"I7\":\"0\",\"I8\":\"0\",\"I9\":\"0\",\"I10\":\"0\",\"I11\":\"0\",\"I12\":\"0\",\"I13\":\"0\",\"I14\":\"0\",\"I15\":\"0\",\"I16\":\"0\",\"I17\":\"0\",\"I18\":\"0\",\"I19\":\"0\",\"I20\":\"0\"}'),
(158, 3, 2, 2018, '{\"I1\":\"0\",\"I2\":\"0\",\"I3\":\"0\",\"I4\":\"0\",\"I5\":\"0\",\"I6\":\"0\",\"I7\":\"0\",\"I8\":\"0\",\"I9\":\"0\",\"I10\":\"0\",\"I11\":\"0\",\"I12\":\"0\",\"I13\":\"0\",\"I14\":\"0\",\"I15\":\"0\",\"I16\":\"0\",\"I17\":\"0\",\"I18\":\"0\",\"I19\":\"0\",\"I20\":\"0\"}'),
(159, 3, 3, 2018, '{\"I1\":\"0\",\"I2\":\"0\",\"I3\":\"0\",\"I4\":\"0\",\"I5\":\"0\",\"I6\":\"0\",\"I7\":\"0\",\"I8\":\"0\",\"I9\":\"0\",\"I10\":\"0\",\"I11\":\"0\",\"I12\":\"0\",\"I13\":\"0\",\"I14\":\"0\",\"I15\":\"0\",\"I16\":\"0\",\"I17\":\"0\",\"I18\":\"0\",\"I19\":\"0\",\"I20\":\"0\"}'),
(160, 3, 4, 2018, '{\"I1\":\"0\",\"I2\":\"0\",\"I3\":\"0\",\"I4\":\"0\",\"I5\":\"0\",\"I6\":\"0\",\"I7\":\"0\",\"I8\":\"0\",\"I9\":\"0\",\"I10\":\"0\",\"I11\":\"0\",\"I12\":\"0\",\"I13\":\"0\",\"I14\":\"0\",\"I15\":\"0\",\"I16\":\"0\",\"I17\":\"0\",\"I18\":\"0\",\"I19\":\"0\",\"I20\":\"0\"}'),
(161, 3, 5, 2018, '{\"I1\":\"0\",\"I2\":\"0\",\"I3\":\"0\",\"I4\":\"0\",\"I5\":\"0\",\"I6\":\"0\",\"I7\":\"0\",\"I8\":\"0\",\"I9\":\"0\",\"I10\":\"0\",\"I11\":\"0\",\"I12\":\"0\",\"I13\":\"0\",\"I14\":\"0\",\"I15\":\"0\",\"I16\":\"0\",\"I17\":\"0\",\"I18\":\"0\",\"I19\":\"0\",\"I20\":\"0\"}'),
(162, 3, 6, 2018, '{\"I1\":\"0\",\"I2\":\"0\",\"I3\":\"0\",\"I4\":\"0\",\"I5\":\"0\",\"I6\":\"0\",\"I7\":\"0\",\"I8\":\"0\",\"I9\":\"0\",\"I10\":\"0\",\"I11\":\"0\",\"I12\":\"0\",\"I13\":\"0\",\"I14\":\"0\",\"I15\":\"0\",\"I16\":\"0\",\"I17\":\"0\",\"I18\":\"0\",\"I19\":\"0\",\"I20\":\"0\"}'),
(163, 3, 7, 2018, '{\"I1\":\"0\",\"I2\":\"0\",\"I3\":\"0\",\"I4\":\"0\",\"I5\":\"0\",\"I6\":\"0\",\"I7\":\"0\",\"I8\":\"0\",\"I9\":\"0\",\"I10\":\"0\",\"I11\":\"0\",\"I12\":\"0\",\"I13\":\"0\",\"I14\":\"0\",\"I15\":\"0\",\"I16\":\"0\",\"I17\":\"0\",\"I18\":\"0\",\"I19\":\"0\",\"I20\":\"0\"}'),
(164, 3, 8, 2018, '{\"I1\":\"0\",\"I2\":\"0\",\"I3\":\"0\",\"I4\":\"0\",\"I5\":\"0\",\"I6\":\"0\",\"I7\":\"0\",\"I8\":\"0\",\"I9\":\"0\",\"I10\":\"0\",\"I11\":\"0\",\"I12\":\"0\",\"I13\":\"0\",\"I14\":\"0\",\"I15\":\"0\",\"I16\":\"0\",\"I17\":\"0\",\"I18\":\"0\",\"I19\":\"0\",\"I20\":\"0\"}'),
(165, 3, 9, 2018, '{\"I1\":\"0\",\"I2\":\"0\",\"I3\":\"0\",\"I4\":\"0\",\"I5\":\"0\",\"I6\":\"0\",\"I7\":\"0\",\"I8\":\"0\",\"I9\":\"0\",\"I10\":\"0\",\"I11\":\"0\",\"I12\":\"0\",\"I13\":\"0\",\"I14\":\"0\",\"I15\":\"0\",\"I16\":\"0\",\"I17\":\"0\",\"I18\":\"0\",\"I19\":\"0\",\"I20\":\"0\"}'),
(166, 3, 10, 2018, '{\"I1\":\"0\",\"I2\":\"0\",\"I3\":\"0\",\"I4\":\"0\",\"I5\":\"0\",\"I6\":\"0\",\"I7\":\"0\",\"I8\":\"0\",\"I9\":\"0\",\"I10\":\"0\",\"I11\":\"0\",\"I12\":\"0\",\"I13\":\"0\",\"I14\":\"0\",\"I15\":\"0\",\"I16\":\"0\",\"I17\":\"0\",\"I18\":\"0\",\"I19\":\"0\",\"I20\":\"0\"}'),
(167, 3, 11, 2018, '{\"I1\":\"0\",\"I2\":\"0\",\"I3\":\"0\",\"I4\":\"0\",\"I5\":\"0\",\"I6\":\"0\",\"I7\":\"0\",\"I8\":\"0\",\"I9\":\"0\",\"I10\":\"0\",\"I11\":\"0\",\"I12\":\"0\",\"I13\":\"0\",\"I14\":\"0\",\"I15\":\"0\",\"I16\":\"0\",\"I17\":\"0\",\"I18\":\"0\",\"I19\":\"0\",\"I20\":\"0\"}');
INSERT INTO `additional_fet` (`id`, `company_id`, `month`, `year`, `rates`) VALUES
(168, 3, 12, 2018, '{\"I1\":\"0\",\"I2\":\"0\",\"I3\":\"0\",\"I4\":\"0\",\"I5\":\"0\",\"I6\":\"0\",\"I7\":\"0\",\"I8\":\"0\",\"I9\":\"0\",\"I10\":\"0\",\"I11\":\"0\",\"I12\":\"0\",\"I13\":\"0\",\"I14\":\"0\",\"I15\":\"0\",\"I16\":\"0\",\"I17\":\"0\",\"I18\":\"0\",\"I19\":\"0\",\"I20\":\"0\"}'),
(169, 3, 1, 2019, '{\"I1\":\"16.94\",\"I2\":\"18.71\",\"I3\":\"19.31\",\"I4\":\"19.62\",\"I5\":\"19.8\",\"I6\":\"19.93\",\"I7\":\"15.31\",\"I8\":\"15.35\",\"I9\":\"15.39\",\"I10\":\"15.41\",\"I11\":\"15.45\",\"I12\":\"15.48\",\"I13\":\"15.49\",\"I14\":\"13.72\",\"I15\":\"13.75\",\"I16\":\"13.77\",\"I17\":\"13.77\",\"I18\":\"13.78\",\"I19\":\"13.79\",\"I20\":\"13.79\"}'),
(170, 3, 2, 2019, '{\"I1\":\"16.94\",\"I2\":\"18.71\",\"I3\":\"19.31\",\"I4\":\"19.62\",\"I5\":\"19.8\",\"I6\":\"19.93\",\"I7\":\"15.31\",\"I8\":\"15.35\",\"I9\":\"15.39\",\"I10\":\"15.41\",\"I11\":\"15.45\",\"I12\":\"15.48\",\"I13\":\"15.49\",\"I14\":\"13.72\",\"I15\":\"13.75\",\"I16\":\"13.77\",\"I17\":\"13.77\",\"I18\":\"13.78\",\"I19\":\"13.79\",\"I20\":\"13.79\"}'),
(171, 3, 3, 2019, '{\"I1\":\"16.94\",\"I2\":\"18.71\",\"I3\":\"19.31\",\"I4\":\"19.62\",\"I5\":\"19.8\",\"I6\":\"19.93\",\"I7\":\"15.31\",\"I8\":\"15.35\",\"I9\":\"15.39\",\"I10\":\"15.41\",\"I11\":\"15.45\",\"I12\":\"15.48\",\"I13\":\"15.49\",\"I14\":\"13.72\",\"I15\":\"13.75\",\"I16\":\"13.77\",\"I17\":\"13.77\",\"I18\":\"13.78\",\"I19\":\"13.79\",\"I20\":\"13.79\"}'),
(172, 3, 4, 2019, '{\"I1\":\"16.94\",\"I2\":\"18.71\",\"I3\":\"19.31\",\"I4\":\"19.62\",\"I5\":\"19.8\",\"I6\":\"19.93\",\"I7\":\"15.31\",\"I8\":\"15.35\",\"I9\":\"15.39\",\"I10\":\"15.41\",\"I11\":\"15.45\",\"I12\":\"15.48\",\"I13\":\"15.49\",\"I14\":\"13.72\",\"I15\":\"13.75\",\"I16\":\"13.77\",\"I17\":\"13.77\",\"I18\":\"13.78\",\"I19\":\"13.79\",\"I20\":\"13.79\"}'),
(173, 3, 5, 2019, '{\"I1\":\"16.94\",\"I2\":\"18.71\",\"I3\":\"19.31\",\"I4\":\"19.62\",\"I5\":\"19.8\",\"I6\":\"19.93\",\"I7\":\"15.31\",\"I8\":\"15.35\",\"I9\":\"15.39\",\"I10\":\"15.41\",\"I11\":\"15.45\",\"I12\":\"15.48\",\"I13\":\"15.49\",\"I14\":\"13.72\",\"I15\":\"13.75\",\"I16\":\"13.77\",\"I17\":\"13.77\",\"I18\":\"13.78\",\"I19\":\"13.79\",\"I20\":\"13.79\"}'),
(174, 3, 6, 2019, '{\"I1\":\"16.94\",\"I2\":\"18.71\",\"I3\":\"19.31\",\"I4\":\"19.62\",\"I5\":\"19.8\",\"I6\":\"19.93\",\"I7\":\"15.31\",\"I8\":\"15.35\",\"I9\":\"15.39\",\"I10\":\"15.41\",\"I11\":\"15.45\",\"I12\":\"15.48\",\"I13\":\"15.49\",\"I14\":\"13.72\",\"I15\":\"13.75\",\"I16\":\"13.77\",\"I17\":\"13.77\",\"I18\":\"13.78\",\"I19\":\"13.79\",\"I20\":\"13.79\"}'),
(175, 3, 7, 2019, '{\"I1\":\"0\",\"I2\":\"0\",\"I3\":\"0\",\"I4\":\"0\",\"I5\":\"0\",\"I6\":\"0\",\"I7\":\"0\",\"I8\":\"0\",\"I9\":\"0\",\"I10\":\"0\",\"I11\":\"0\",\"I12\":\"0\",\"I13\":\"0\",\"I14\":\"0\",\"I15\":\"0\",\"I16\":\"0\",\"I17\":\"0\",\"I18\":\"0\",\"I19\":\"0\",\"I20\":\"0\"}'),
(176, 3, 8, 2019, '{\"I1\":\"0\",\"I2\":\"0\",\"I3\":\"0\",\"I4\":\"0\",\"I5\":\"0\",\"I6\":\"0\",\"I7\":\"0\",\"I8\":\"0\",\"I9\":\"0\",\"I10\":\"0\",\"I11\":\"0\",\"I12\":\"0\",\"I13\":\"0\",\"I14\":\"0\",\"I15\":\"0\",\"I16\":\"0\",\"I17\":\"0\",\"I18\":\"0\",\"I19\":\"0\",\"I20\":\"0\"}'),
(177, 3, 9, 2019, '{\"I1\":\"0\",\"I2\":\"0\",\"I3\":\"0\",\"I4\":\"0\",\"I5\":\"0\",\"I6\":\"0\",\"I7\":\"0\",\"I8\":\"0\",\"I9\":\"0\",\"I10\":\"0\",\"I11\":\"0\",\"I12\":\"0\",\"I13\":\"0\",\"I14\":\"0\",\"I15\":\"0\",\"I16\":\"0\",\"I17\":\"0\",\"I18\":\"0\",\"I19\":\"0\",\"I20\":\"0\"}'),
(178, 3, 10, 2019, '{\"I1\":\"0\",\"I2\":\"0\",\"I3\":\"0\",\"I4\":\"0\",\"I5\":\"0\",\"I6\":\"0\",\"I7\":\"0\",\"I8\":\"0\",\"I9\":\"0\",\"I10\":\"0\",\"I11\":\"0\",\"I12\":\"0\",\"I13\":\"0\",\"I14\":\"0\",\"I15\":\"0\",\"I16\":\"0\",\"I17\":\"0\",\"I18\":\"0\",\"I19\":\"0\",\"I20\":\"0\"}'),
(179, 3, 11, 2019, '{\"I1\":\"0\",\"I2\":\"0\",\"I3\":\"0\",\"I4\":\"0\",\"I5\":\"0\",\"I6\":\"0\",\"I7\":\"0\",\"I8\":\"0\",\"I9\":\"0\",\"I10\":\"0\",\"I11\":\"0\",\"I12\":\"0\",\"I13\":\"0\",\"I14\":\"0\",\"I15\":\"0\",\"I16\":\"0\",\"I17\":\"0\",\"I18\":\"0\",\"I19\":\"0\",\"I20\":\"0\"}'),
(180, 3, 12, 2019, '{\"I1\":\"0\",\"I2\":\"0\",\"I3\":\"0\",\"I4\":\"0\",\"I5\":\"0\",\"I6\":\"0\",\"I7\":\"0\",\"I8\":\"0\",\"I9\":\"0\",\"I10\":\"0\",\"I11\":\"0\",\"I12\":\"0\",\"I13\":\"0\",\"I14\":\"0\",\"I15\":\"0\",\"I16\":\"0\",\"I17\":\"0\",\"I18\":\"0\",\"I19\":\"0\",\"I20\":\"0\"}');

-- --------------------------------------------------------

--
-- Estructura de tabla para la tabla `bts`
--

CREATE TABLE `bts` (
  `id` int(11) NOT NULL,
  `company_id` int(1) NOT NULL,
  `semester` int(2) NOT NULL,
  `year` int(4) NOT NULL,
  `rates` varchar(250) NOT NULL
) ENGINE=InnoDB DEFAULT CHARSET=latin1;

--
-- Volcado de datos para la tabla `bts`
--

INSERT INTO `bts` (`id`, `company_id`, `semester`, `year`, `rates`) VALUES
(1, 1, 1, 2015, '{\"BTS1\":\"0.18544\",\"BTS2\":\"0.23369\",\"BTS3\":\"0.2593\"}'),
(2, 1, 1, 2016, '{\"BTS1\":\"0.13483\",\"BTS2\":\"0.16886\",\"BTS3\":\"0.18694\"}'),
(3, 1, 1, 2017, '{\"BTS1\":\"0.13516\",\"BTS2\":\"0.16869\",\"BTS3\":\"0.18649\"}'),
(4, 1, 1, 2018, '{\"BTS1\":\"0.14341\",\"BTS2\":\"0.17749\",\"BTS3\":\"0.19558\"}'),
(5, 1, 1, 2019, '{\"BTS1\":\"0.16226\",\"BTS2\":\"0.20915\",\"BTS3\":\"0.24367\"}'),
(6, 2, 1, 2015, '{\"BTS1\":\"0.2337\",\"BTS2\":\"0.27536\",\"BTS3\":\"0.32319\"}'),
(7, 2, 1, 2016, '{\"BTS1\":\"0.18304\",\"BTS2\":\"0.21547\",\"BTS3\":\"0.25191\"}'),
(8, 2, 1, 2017, '{\"BTS1\":\"0.17328\",\"BTS2\":\"0.2023\",\"BTS3\":\"0.23492\"}'),
(9, 2, 1, 2018, '{\"BTS1\":\"0.17681\",\"BTS2\":\"0.20574\",\"BTS3\":\"0.23826\"}'),
(10, 2, 1, 2019, '{\"BTS1\":\"0.19351\",\"BTS2\":\"0.2281\",\"BTS3\":\"0.26658\"}'),
(11, 3, 1, 2015, '{\"BTS1\":\"0.2068\",\"BTS2\":\"0.24234\",\"BTS3\":\"0.27493\"}'),
(12, 3, 1, 2016, '{\"BTS1\":\"0.13946\",\"BTS2\":\"0.16946\",\"BTS3\":\"0.19553\"}'),
(13, 3, 1, 2017, '{\"BTS1\":\"0.14534\",\"BTS2\":\"0.17774\",\"BTS3\":\"0.20589\"}'),
(14, 3, 1, 2018, '{\"BTS1\":\"0.15229\",\"BTS2\":\"0.18509\",\"BTS3\":\"0.21359\"}'),
(15, 3, 1, 2019, '{\"BTS1\":\"0.19167\",\"BTS2\":\"0.22186\",\"BTS3\":\"0.2513\"}'),
(16, 1, 2, 2015, '{\"BTS1\":\"0.14234\",\"BTS2\":\"0.17705\",\"BTS3\":\"0.19548\"}'),
(17, 1, 2, 2016, '{\"BTS1\":\"0.13709\",\"BTS2\":\"0.17017\",\"BTS3\":\"0.18773\"}'),
(18, 1, 2, 2017, '{\"BTS1\":\"0.13992\",\"BTS2\":\"0.174\",\"BTS3\":\"0.19208\"}'),
(19, 1, 2, 2018, '{\"BTS1\":\"0.15961\",\"BTS2\":\"0.19458\",\"BTS3\":\"0.21311\"}'),
(20, 1, 2, 2019, '{\"BTS1\":\"0.14818\",\"BTS2\":\"0.19447\",\"BTS3\":\"0.22855\"}'),
(21, 2, 2, 2015, '{\"BTS1\":\"0.18284\",\"BTS2\":\"0.21387\",\"BTS3\":\"0.24876\"}'),
(22, 2, 2, 2016, '{\"BTS1\":\"0.18502\",\"BTS2\":\"0.21704\",\"BTS3\":\"0.253\"}'),
(23, 2, 2, 2017, '{\"BTS1\":\"0.17993\",\"BTS2\":\"0.20987\",\"BTS3\":\"0.244351\"}'),
(24, 2, 2, 2018, '{\"BTS1\":\"0.19077\",\"BTS2\":\"0.2208\",\"BTS3\":\"0.25458\"}'),
(25, 2, 2, 2019, '{\"BTS1\":\"0.19287\",\"BTS2\":\"0.22918\",\"BTS3\":\"0.26956\"}'),
(26, 3, 2, 2015, '{\"BTS1\":\"0.15596\",\"BTS2\":\"0.19227\",\"BTS3\":\"0.22381\"}'),
(27, 3, 2, 2016, '{\"BTS1\":\"0.13515\",\"BTS2\":\"0.1637\",\"BTS3\":\"0.18851\"}'),
(28, 3, 2, 2017, '{\"BTS1\":\"0.15178\",\"BTS2\":\"0.18393\",\"BTS3\":\"0.21188\"}'),
(29, 3, 2, 2018, '{\"BTS1\":\"0.16398\",\"BTS2\":\"0.19909\",\"BTS3\":\"0.2296\"}'),
(30, 3, 2, 2019, '{\"BTS1\":\"0.17894\",\"BTS2\":\"0.20772\",\"BTS3\":\"0.23594\"}');

-- --------------------------------------------------------

--
-- Estructura de tabla para la tabla `cvc`
--

CREATE TABLE `cvc` (
  `id` int(11) NOT NULL,
  `company_id` int(1) NOT NULL,
  `month` int(2) NOT NULL,
  `year` int(3) NOT NULL,
  `rates` varchar(250) NOT NULL
) ENGINE=InnoDB DEFAULT CHARSET=latin1;

--
-- Volcado de datos para la tabla `cvc`
--

INSERT INTO `cvc` (`id`, `company_id`, `month`, `year`, `rates`) VALUES
(1, 1, 1, 2015, '{\"BTS1\":\"0\",\"BTS2\":\"0\",\"BTS3\":\"0\"}'),
(2, 1, 2, 2015, '{\"BTS1\":\"0\",\"BTS2\":\"0\",\"BTS3\":\"0\"}'),
(3, 1, 3, 2015, '{\"BTS1\":\"0\",\"BTS2\":\"0\",\"BTS3\":\"0\"}'),
(4, 1, 4, 2015, '{\"BTS1\":\"0\",\"BTS2\":\"0\",\"BTS3\":\"0\"}'),
(5, 1, 5, 2015, '{\"BTS1\":\"0\",\"BTS2\":\"0\",\"BTS3\":\"0\"}'),
(6, 1, 6, 2015, '{\"BTS1\":\"0\",\"BTS2\":\"0\",\"BTS3\":\"0\"}'),
(7, 1, 7, 2015, '{\"BTS1\":\"0\",\"BTS2\":\"0\",\"BTS3\":\"0\"}'),
(8, 1, 8, 2015, '{\"BTS1\":\"0\",\"BTS2\":\"0\",\"BTS3\":\"0\"}'),
(9, 1, 9, 2015, '{\"BTS1\":\"0\",\"BTS2\":\"0\",\"BTS3\":\"0\"}'),
(10, 1, 10, 2015, '{\"BTS1\":\"0\",\"BTS2\":\"0\",\"BTS3\":\"0\"}'),
(11, 1, 11, 2015, '{\"BTS1\":\"0\",\"BTS2\":\"0\",\"BTS3\":\"0\"}'),
(12, 1, 12, 2015, '{\"BTS1\":\"0\",\"BTS2\":\"0\",\"BTS3\":\"0\"}'),
(13, 1, 1, 2016, '{\"BTS1\":\"0\",\"BTS2\":\"0\",\"BTS3\":\"0\"}'),
(14, 1, 2, 2016, '{\"BTS1\":\"0\",\"BTS2\":\"0\",\"BTS3\":\"0\"}'),
(15, 1, 3, 2016, '{\"BTS1\":\"0.00258\",\"BTS2\":\"0.00397\",\"BTS3\":\"0.00493\"}'),
(16, 1, 4, 2016, '{\"BTS1\":\"0.00489\",\"BTS2\":\"0.00755\",\"BTS3\":\"0.00936\"}'),
(17, 1, 5, 2016, '{\"BTS1\":\"0.00867\",\"BTS2\":\"0.01336\",\"BTS3\":\"0.01656\"}'),
(18, 1, 6, 2016, '{\"BTS1\":\"0.00884\",\"BTS2\":\"0.01363\",\"BTS3\":\"0.01689\"}'),
(19, 1, 7, 2016, '{\"BTS1\":\"0.00106\",\"BTS2\":\"0.00156\",\"BTS3\":\"0.00193\"}'),
(20, 1, 8, 2016, '{\"BTS1\":\"0.00102\",\"BTS2\":\"0.0015\",\"BTS3\":\"0.00186\"}'),
(21, 1, 9, 2016, '{\"BTS1\":\"0.00112\",\"BTS2\":\"0.00166\",\"BTS3\":\"0.00205\"}'),
(22, 1, 10, 2016, '{\"BTS1\":\"0.00104\",\"BTS2\":\"0.00154\",\"BTS3\":\"0.0019\"}'),
(23, 1, 11, 2016, '{\"BTS1\":\"0\",\"BTS2\":\"0\",\"BTS3\":\"0\"}'),
(24, 1, 12, 2016, '{\"BTS1\":\"0\",\"BTS2\":\"0\",\"BTS3\":\"0\"}'),
(25, 1, 1, 2017, '{\"BTS1\":\"0\",\"BTS2\":\"0\",\"BTS3\":\"0\"}'),
(26, 1, 2, 2017, '{\"BTS1\":\"0\",\"BTS2\":\"0\",\"BTS3\":\"0\"}'),
(27, 1, 3, 2017, '{\"BTS1\":\"0\",\"BTS2\":\"0\",\"BTS3\":\"0\"}'),
(28, 1, 4, 2017, '{\"BTS1\":\"0\",\"BTS2\":\"0\",\"BTS3\":\"0\"}'),
(29, 1, 5, 2017, '{\"BTS1\":\"0\",\"BTS2\":\"0\",\"BTS3\":\"0\"}'),
(30, 1, 6, 2017, '{\"BTS1\":\"0.00184\",\"BTS2\":\"0.00374\",\"BTS3\":\"0.00426\"}'),
(31, 1, 7, 2017, '{\"BTS1\":\"0\",\"BTS2\":\"0\",\"BTS3\":\"0\"}'),
(32, 1, 8, 2017, '{\"BTS1\":\"0.00098\",\"BTS2\":\"0.00151\",\"BTS3\":\"0.00188\"}'),
(33, 1, 9, 2017, '{\"BTS1\":\"0.00117\",\"BTS2\":\"0.00181\",\"BTS3\":\"0.00225\"}'),
(34, 1, 10, 2017, '{\"BTS1\":\"0.001\",\"BTS2\":\"0.00155\",\"BTS3\":\"0.00193\"}'),
(35, 1, 11, 2017, '{\"BTS1\":\"0.00273\",\"BTS2\":\"0.00433\",\"BTS3\":\"0.00538\"}'),
(36, 1, 12, 2017, '{\"BTS1\":\"0.0057\",\"BTS2\":\"0.00884\",\"BTS3\":\"0.01101\"}'),
(37, 1, 1, 2018, '{\"BTS1\":\"0.00416\",\"BTS2\":\"0.00645\",\"BTS3\":\"0.00804\"}'),
(38, 1, 2, 2018, '{\"BTS1\":\"0.00624\",\"BTS2\":\"0.00966\",\"BTS3\":\"0.01204\"}'),
(39, 1, 3, 2018, '{\"BTS1\":\"0.00359\",\"BTS2\":\"0.00553\",\"BTS3\":\"0.00689\"}'),
(40, 1, 4, 2018, '{\"BTS1\":\"0.00193\",\"BTS2\":\"0.00298\",\"BTS3\":\"0.0037\"}'),
(41, 1, 5, 2018, '{\"BTS1\":\"0.00119\",\"BTS2\":\"0.00183\",\"BTS3\":\"0.00227\"}'),
(42, 1, 6, 2018, '{\"BTS1\":\"0.00283\",\"BTS2\":\"0.00435\",\"BTS3\":\"0.00541\"}'),
(43, 1, 7, 2018, '{\"BTS1\":\"0.00332\",\"BTS2\":\"0.00513\",\"BTS3\":\"0.00639\"}'),
(44, 1, 8, 2018, '{\"BTS1\":\"0.00332\",\"BTS2\":\"0.00513\",\"BTS3\":\"0.00639\"}'),
(45, 1, 9, 2018, '{\"BTS1\":\"0.00332\",\"BTS2\":\"0.00513\",\"BTS3\":\"0.00639\"}'),
(46, 1, 10, 2018, '{\"BTS1\":\"0.00332\",\"BTS2\":\"0.00513\",\"BTS3\":\"0.00639\"}'),
(47, 1, 11, 2018, '{\"BTS1\":\"0.00332\",\"BTS2\":\"0.00513\",\"BTS3\":\"0.00639\"}'),
(48, 1, 12, 2018, '{\"BTS1\":\"0.00332\",\"BTS2\":\"0.00513\",\"BTS3\":\"0.00639\"}'),
(49, 1, 1, 2019, '{\"BTS1\":\"0.00102\",\"BTS2\":\"0.00173\",\"BTS3\":\"0.00237\"}'),
(50, 1, 2, 2019, '{\"BTS1\":\"0.00109\",\"BTS2\":\"0.00186\",\"BTS3\":\"0.00254\"}'),
(51, 1, 3, 2019, '{\"BTS1\":\"0.00095\",\"BTS2\":\"0.00162\",\"BTS3\":\"0.00221\"}'),
(52, 1, 4, 2019, '{\"BTS1\":\"0.00097\",\"BTS2\":\"0.00165\",\"BTS3\":\"0.00225\"}'),
(53, 1, 5, 2019, '{\"BTS1\":\"0.00094\",\"BTS2\":\"0.0016\",\"BTS3\":\"0.00218\"}'),
(54, 1, 6, 2019, '{\"BTS1\":\"0.00091\",\"BTS2\":\"0.00155\",\"BTS3\":\"0.00212\"}'),
(55, 1, 7, 2019, '{\"BTS1\":\"0\",\"BTS2\":\"0\",\"BTS3\":\"0\"}'),
(56, 1, 8, 2019, '{\"BTS1\":\"0\",\"BTS2\":\"0\",\"BTS3\":\"0\"}'),
(57, 1, 9, 2019, '{\"BTS1\":\"0\",\"BTS2\":\"0\",\"BTS3\":\"0\"}'),
(58, 1, 10, 2019, '{\"BTS1\":\"0\",\"BTS2\":\"0\",\"BTS3\":\"0\"}'),
(59, 1, 11, 2019, '{\"BTS1\":\"0\",\"BTS2\":\"0\",\"BTS3\":\"0\"}'),
(60, 1, 12, 2019, '{\"BTS1\":\"0\",\"BTS2\":\"0\",\"BTS3\":\"0\"}'),
(61, 2, 1, 2015, '{\"BTS1\":\"0\",\"BTS2\":\"0\",\"BTS3\":\"0\"}'),
(62, 2, 2, 2015, '{\"BTS1\":\"0\",\"BTS2\":\"0\",\"BTS3\":\"0\"}'),
(63, 2, 3, 2015, '{\"BTS1\":\"0\",\"BTS2\":\"0\",\"BTS3\":\"0\"}'),
(64, 2, 4, 2015, '{\"BTS1\":\"0\",\"BTS2\":\"0\",\"BTS3\":\"0\"}'),
(65, 2, 5, 2015, '{\"BTS1\":\"0\",\"BTS2\":\"0\",\"BTS3\":\"0\"}'),
(66, 2, 6, 2015, '{\"BTS1\":\"0\",\"BTS2\":\"0\",\"BTS3\":\"0\"}'),
(67, 2, 7, 2015, '{\"BTS1\":\"0\",\"BTS2\":\"0\",\"BTS3\":\"0\"}'),
(68, 2, 8, 2015, '{\"BTS1\":\"0\",\"BTS2\":\"0\",\"BTS3\":\"0\"}'),
(69, 2, 9, 2015, '{\"BTS1\":\"0\",\"BTS2\":\"0\",\"BTS3\":\"0\"}'),
(70, 2, 10, 2015, '{\"BTS1\":\"0\",\"BTS2\":\"0\",\"BTS3\":\"0\"}'),
(71, 2, 11, 2015, '{\"BTS1\":\"0\",\"BTS2\":\"0\",\"BTS3\":\"0\"}'),
(72, 2, 12, 2015, '{\"BTS1\":\"0\",\"BTS2\":\"0\",\"BTS3\":\"0\"}'),
(73, 2, 1, 2016, '{\"BTS1\":\"0\",\"BTS2\":\"0\",\"BTS3\":\"0\"}'),
(74, 2, 2, 2016, '{\"BTS1\":\"0\",\"BTS2\":\"0\",\"BTS3\":\"0\"}'),
(75, 2, 3, 2016, '{\"BTS1\":\"0\",\"BTS2\":\"0\",\"BTS3\":\"0\"}'),
(76, 2, 4, 2016, '{\"BTS1\":\"0\",\"BTS2\":\"0\",\"BTS3\":\"0\"}'),
(77, 2, 5, 2016, '{\"BTS1\":\"0\",\"BTS2\":\"0\",\"BTS3\":\"0\"}'),
(78, 2, 6, 2016, '{\"BTS1\":\"0\",\"BTS2\":\"0\",\"BTS3\":\"0\"}'),
(79, 2, 7, 2016, '{\"BTS1\":\"0\",\"BTS2\":\"0\",\"BTS3\":\"0\"}'),
(80, 2, 8, 2016, '{\"BTS1\":\"0\",\"BTS2\":\"0\",\"BTS3\":\"0\"}'),
(81, 2, 9, 2016, '{\"BTS1\":\"0\",\"BTS2\":\"0\",\"BTS3\":\"0\"}'),
(82, 2, 10, 2016, '{\"BTS1\":\"0\",\"BTS2\":\"0\",\"BTS3\":\"0\"}'),
(83, 2, 11, 2016, '{\"BTS1\":\"0\",\"BTS2\":\"0\",\"BTS3\":\"0\"}'),
(84, 2, 12, 2016, '{\"BTS1\":\"0\",\"BTS2\":\"0\",\"BTS3\":\"0\"}'),
(85, 2, 1, 2017, '{\"BTS1\":\"0\",\"BTS2\":\"0\",\"BTS3\":\"0\"}'),
(86, 2, 2, 2017, '{\"BTS1\":\"0\",\"BTS2\":\"0\",\"BTS3\":\"0\"}'),
(87, 2, 3, 2017, '{\"BTS1\":\"0\",\"BTS2\":\"0\",\"BTS3\":\"0\"}'),
(88, 2, 4, 2017, '{\"BTS1\":\"0\",\"BTS2\":\"0\",\"BTS3\":\"0\"}'),
(89, 2, 5, 2017, '{\"BTS1\":\"0\",\"BTS2\":\"0\",\"BTS3\":\"0\"}'),
(90, 2, 6, 2017, '{\"BTS1\":\"0\",\"BTS2\":\"0\",\"BTS3\":\"0\"}'),
(91, 2, 7, 2017, '{\"BTS1\":\"0\",\"BTS2\":\"0\",\"BTS3\":\"0\"}'),
(92, 2, 8, 2017, '{\"BTS1\":\"0\",\"BTS2\":\"0\",\"BTS3\":\"0\"}'),
(93, 2, 9, 2017, '{\"BTS1\":\"0\",\"BTS2\":\"0\",\"BTS3\":\"0\"}'),
(94, 2, 10, 2017, '{\"BTS1\":\"0\",\"BTS2\":\"0\",\"BTS3\":\"0\"}'),
(95, 2, 11, 2017, '{\"BTS1\":\"0\",\"BTS2\":\"0\",\"BTS3\":\"0\"}'),
(96, 2, 12, 2017, '{\"BTS1\":\"0\",\"BTS2\":\"0\",\"BTS3\":\"0\"}'),
(97, 2, 1, 2018, '{\"BTS1\":\"0\",\"BTS2\":\"0\",\"BTS3\":\"0\"}'),
(98, 2, 2, 2018, '{\"BTS1\":\"0\",\"BTS2\":\"0\",\"BTS3\":\"0\"}'),
(99, 2, 3, 2018, '{\"BTS1\":\"0\",\"BTS2\":\"0\",\"BTS3\":\"0\"}'),
(100, 2, 4, 2018, '{\"BTS1\":\"0\",\"BTS2\":\"0\",\"BTS3\":\"0\"}'),
(101, 2, 5, 2018, '{\"BTS1\":\"0\",\"BTS2\":\"0\",\"BTS3\":\"0\"}'),
(102, 2, 6, 2018, '{\"BTS1\":\"0\",\"BTS2\":\"0\",\"BTS3\":\"0\"}'),
(103, 2, 7, 2018, '{\"BTS1\":\"0\",\"BTS2\":\"0\",\"BTS3\":\"0\"}'),
(104, 2, 8, 2018, '{\"BTS1\":\"0\",\"BTS2\":\"0\",\"BTS3\":\"0\"}'),
(105, 2, 9, 2018, '{\"BTS1\":\"0\",\"BTS2\":\"0\",\"BTS3\":\"0\"}'),
(106, 2, 10, 2018, '{\"BTS1\":\"0\",\"BTS2\":\"0\",\"BTS3\":\"0\"}'),
(107, 2, 11, 2018, '{\"BTS1\":\"0\",\"BTS2\":\"0\",\"BTS3\":\"0\"}'),
(108, 2, 12, 2018, '{\"BTS1\":\"0\",\"BTS2\":\"0\",\"BTS3\":\"0\"}'),
(109, 2, 1, 2019, '{\"BTS1\":\"0\",\"BTS2\":\"0\",\"BTS3\":\"0\"}'),
(110, 2, 2, 2019, '{\"BTS1\":\"0\",\"BTS2\":\"0\",\"BTS3\":\"0\"}'),
(111, 2, 3, 2019, '{\"BTS1\":\"0\",\"BTS2\":\"0\",\"BTS3\":\"0\"}'),
(112, 2, 4, 2019, '{\"BTS1\":\"0\",\"BTS2\":\"0\",\"BTS3\":\"0\"}'),
(113, 2, 5, 2019, '{\"BTS1\":\"0\",\"BTS2\":\"0\",\"BTS3\":\"0\"}'),
(114, 2, 6, 2019, '{\"BTS1\":\"0\",\"BTS2\":\"0\",\"BTS3\":\"0\"}'),
(115, 2, 7, 2019, '{\"BTS1\":\"0\",\"BTS2\":\"0\",\"BTS3\":\"0\"}'),
(116, 2, 8, 2019, '{\"BTS1\":\"0\",\"BTS2\":\"0\",\"BTS3\":\"0\"}'),
(117, 2, 9, 2019, '{\"BTS1\":\"0\",\"BTS2\":\"0\",\"BTS3\":\"0\"}'),
(118, 2, 10, 2019, '{\"BTS1\":\"0\",\"BTS2\":\"0\",\"BTS3\":\"0\"}'),
(119, 2, 11, 2019, '{\"BTS1\":\"0\",\"BTS2\":\"0\",\"BTS3\":\"0\"}'),
(120, 2, 12, 2019, '{\"BTS1\":\"0\",\"BTS2\":\"0\",\"BTS3\":\"0\"}'),
(121, 3, 1, 2015, '{\"BTS1\":\"0\",\"BTS2\":\"0\",\"BTS3\":\"0\"}'),
(122, 3, 2, 2015, '{\"BTS1\":\"0\",\"BTS2\":\"0\",\"BTS3\":\"0\"}'),
(123, 3, 3, 2015, '{\"BTS1\":\"0\",\"BTS2\":\"0\",\"BTS3\":\"0\"}'),
(124, 3, 4, 2015, '{\"BTS1\":\"0\",\"BTS2\":\"0\",\"BTS3\":\"0\"}'),
(125, 3, 5, 2015, '{\"BTS1\":\"0\",\"BTS2\":\"0\",\"BTS3\":\"0\"}'),
(126, 3, 6, 2015, '{\"BTS1\":\"0\",\"BTS2\":\"0\",\"BTS3\":\"0\"}'),
(127, 3, 7, 2015, '{\"BTS1\":\"0\",\"BTS2\":\"0\",\"BTS3\":\"0\"}'),
(128, 3, 8, 2015, '{\"BTS1\":\"0\",\"BTS2\":\"0\",\"BTS3\":\"0\"}'),
(129, 3, 9, 2015, '{\"BTS1\":\"0\",\"BTS2\":\"0\",\"BTS3\":\"0\"}'),
(130, 3, 10, 2015, '{\"BTS1\":\"0\",\"BTS2\":\"0\",\"BTS3\":\"0\"}'),
(131, 3, 11, 2015, '{\"BTS1\":\"0\",\"BTS2\":\"0\",\"BTS3\":\"0\"}'),
(132, 3, 12, 2015, '{\"BTS1\":\"0\",\"BTS2\":\"0\",\"BTS3\":\"0\"}'),
(133, 3, 1, 2016, '{\"BTS1\":\"0\",\"BTS2\":\"0\",\"BTS3\":\"0\"}'),
(134, 3, 2, 2016, '{\"BTS1\":\"0\",\"BTS2\":\"0\",\"BTS3\":\"0\"}'),
(135, 3, 3, 2016, '{\"BTS1\":\"0.00397\",\"BTS2\":\"0.00581\",\"BTS3\":\"0.00817\"}'),
(136, 3, 4, 2016, '{\"BTS1\":\"0.0071\",\"BTS2\":\"0.0104\",\"BTS3\":\"0.01462\"}'),
(137, 3, 5, 2016, '{\"BTS1\":\"0.01094\",\"BTS2\":\"0.01601\",\"BTS3\":\"0.0225\"}'),
(138, 3, 6, 2016, '{\"BTS1\":\"0.01117\",\"BTS2\":\"0.01636\",\"BTS3\":\"0.02298\"}'),
(139, 3, 7, 2016, '{\"BTS1\":\"0.00122\",\"BTS2\":\"0.00174\",\"BTS3\":\"0.00251\"}'),
(140, 3, 8, 2016, '{\"BTS1\":\"0.00127\",\"BTS2\":\"0.00181\",\"BTS3\":\"0.0026\"}'),
(141, 3, 9, 2016, '{\"BTS1\":\"0.00132\",\"BTS2\":\"0.00188\",\"BTS3\":\"0.00271\"}'),
(142, 3, 10, 2016, '{\"BTS1\":\"0.00126\",\"BTS2\":\"0.00179\",\"BTS3\":\"0.00258\"}'),
(143, 3, 11, 2016, '{\"BTS1\":\"0\",\"BTS2\":\"0\",\"BTS3\":\"0\"}'),
(144, 3, 12, 2016, '{\"BTS1\":\"0.0081\",\"BTS2\":\"0.01183\",\"BTS3\":\"0.01614\"}'),
(145, 3, 1, 2017, '{\"BTS1\":\"0.00569\",\"BTS2\":\"0.00836\",\"BTS3\":\"0.01155\"}'),
(146, 3, 2, 2017, '{\"BTS1\":\"0.00879\",\"BTS2\":\"0.0129\",\"BTS3\":\"0.01783\"}'),
(147, 3, 3, 2017, '{\"BTS1\":\"0.00523\",\"BTS2\":\"0.00766\",\"BTS3\":\"0.01057\"}'),
(148, 3, 4, 2017, '{\"BTS1\":\"0.00721\",\"BTS2\":\"0.01058\",\"BTS3\":\"0.01459\"}'),
(149, 3, 5, 2017, '{\"BTS1\":\"0.00373\",\"BTS2\":\"0.00548\",\"BTS3\":\"0.00755\"}'),
(150, 3, 6, 2017, '{\"BTS1\":\"0.00864\",\"BTS2\":\"0.01267\",\"BTS3\":\"0.01749\"}'),
(151, 3, 7, 2017, '{\"BTS1\":\"0.00132\",\"BTS2\":\"0.00194\",\"BTS3\":\"0.00269\"}'),
(152, 3, 8, 2017, '{\"BTS1\":\"0.00199\",\"BTS2\":\"0.00292\",\"BTS3\":\"0.00405\"}'),
(153, 3, 9, 2017, '{\"BTS1\":\"-0.00101\",\"BTS2\":\"-0.0015\",\"BTS3\":\"-0.00208\"}'),
(154, 3, 10, 2017, '{\"BTS1\":\"-0.00239\",\"BTS2\":\"-0.00352\",\"BTS3\":\"-0.00489\"}'),
(155, 3, 11, 2017, '{\"BTS1\":\"-0.00057\",\"BTS2\":\"-0.00083\",\"BTS3\":\"-0.00117\"}'),
(156, 3, 12, 2017, '{\"BTS1\":\"-0.00143\",\"BTS2\":\"-0.0021\",\"BTS3\":\"-0.00292\"}'),
(157, 3, 1, 2018, '{\"BTS1\":\"0.00194\",\"BTS2\":\"0.00286\",\"BTS3\":\"0.00396\"}'),
(158, 3, 2, 2018, '{\"BTS1\":\"0.00337\",\"BTS2\":\"0.00496\",\"BTS3\":\"0.00688\"}'),
(159, 3, 3, 2018, '{\"BTS1\":\"0.00396\",\"BTS2\":\"0.00583\",\"BTS3\":\"0.00808\"}'),
(160, 3, 4, 2018, '{\"BTS1\":\"0.00478\",\"BTS2\":\"0.00704\",\"BTS3\":\"0.00973\"}'),
(161, 3, 5, 2018, '{\"BTS1\":\"0.00277\",\"BTS2\":\"0.00407\",\"BTS3\":\"0.00563\"}'),
(162, 3, 6, 2018, '{\"BTS1\":\"0.0031\",\"BTS2\":\"0.0063\",\"BTS3\":\"0.00728\"}'),
(163, 3, 7, 2018, '{\"BTS1\":\"0.00332\",\"BTS2\":\"0.00489\",\"BTS3\":\"0.00489\"}'),
(164, 3, 8, 2018, '{\"BTS1\":\"0.00332\",\"BTS2\":\"0.00489\",\"BTS3\":\"0.00489\"}'),
(165, 3, 9, 2018, '{\"BTS1\":\"0.00332\",\"BTS2\":\"0.00489\",\"BTS3\":\"0.00489\"}'),
(166, 3, 10, 2018, '{\"BTS1\":\"0.00332\",\"BTS2\":\"0.00489\",\"BTS3\":\"0.00489\"}'),
(167, 3, 11, 2018, '{\"BTS1\":\"0.00332\",\"BTS2\":\"0.00489\",\"BTS3\":\"0.00489\"}'),
(168, 3, 12, 2018, '{\"BTS1\":\"0.00332\",\"BTS2\":\"0.00489\",\"BTS3\":\"0.00489\"}'),
(169, 3, 1, 2019, '{\"BTS1\":\"0.00221\",\"BTS2\":\"0.00285\",\"BTS3\":\"0.00376\"}'),
(170, 3, 2, 2019, '{\"BTS1\":\"0.00346\",\"BTS2\":\"0.00446\",\"BTS3\":\"0.00588\"}'),
(171, 3, 3, 2019, '{\"BTS1\":\"0.00328\",\"BTS2\":\"0.00424\",\"BTS3\":\"0.00557\"}'),
(172, 3, 4, 2019, '{\"BTS1\":\"0.00316\",\"BTS2\":\"0.00407\",\"BTS3\":\"0.00536\"}'),
(173, 3, 5, 2019, '{\"BTS1\":\"0.00308\",\"BTS2\":\"0.00397\",\"BTS3\":\"0.00524\"}'),
(174, 3, 6, 2019, '{\"BTS1\":\"0.00317\",\"BTS2\":\"0.00408\",\"BTS3\":\"0.00539\"}'),
(175, 3, 7, 2019, '{\"BTS1\":\"0\",\"BTS2\":\"0\",\"BTS3\":\"0\"}'),
(176, 3, 8, 2019, '{\"BTS1\":\"0\",\"BTS2\":\"0\",\"BTS3\":\"0\"}'),
(177, 3, 9, 2019, '{\"BTS1\":\"0\",\"BTS2\":\"0\",\"BTS3\":\"0\"}'),
(178, 3, 10, 2019, '{\"BTS1\":\"0\",\"BTS2\":\"0\",\"BTS3\":\"0\"}'),
(179, 3, 11, 2019, '{\"BTS1\":\"0\",\"BTS2\":\"0\",\"BTS3\":\"0\"}'),
(180, 3, 12, 2019, '{\"BTS1\":\"0\",\"BTS2\":\"0\",\"BTS3\":\"0\"}');

-- --------------------------------------------------------

--
-- Estructura de tabla para la tabla `distribution_companies`
--

CREATE TABLE `distribution_companies` (
  `id` int(1) NOT NULL,
  `name` varchar(25) NOT NULL,
  `acronym` varchar(6) NOT NULL
) ENGINE=InnoDB DEFAULT CHARSET=latin1;

--
-- Volcado de datos para la tabla `distribution_companies`
--

INSERT INTO `distribution_companies` (`id`, `name`, `acronym`) VALUES
(1, 'Gas Natural Fenosa', 'EDEMET'),
(2, 'Gas Natural Fenosa', 'EDECHI'),
(3, 'Elektra Noreste, S.A.', 'ENSA');

-- --------------------------------------------------------

--
-- Estructura de tabla para la tabla `fet`
--

CREATE TABLE `fet` (
  `id` int(11) NOT NULL,
  `company_id` int(1) NOT NULL,
  `month` int(2) NOT NULL,
  `year` int(4) NOT NULL,
  `rates` varchar(250) NOT NULL
) ENGINE=InnoDB DEFAULT CHARSET=latin1;

--
-- Volcado de datos para la tabla `fet`
--

INSERT INTO `fet` (`id`, `company_id`, `month`, `year`, `rates`) VALUES
(1, 1, 1, 2015, '{\"I1\":\"20.98\",\"I2\":\"20.98\",\"I3\":\"12.43\",\"I4\":\"12.43\",\"I5\":\"9.56\",\"I6\":\"0\",\"I7\":\"9.93\",\"I8\":\"3.29\"}'),
(2, 1, 2, 2015, '{\"I1\":\"20.98\",\"I2\":\"20.98\",\"I3\":\"12.43\",\"I4\":\"12.43\",\"I5\":\"9.56\",\"I6\":\"9.56\",\"I7\":\"9.93\",\"I8\":\"3.29\"}'),
(3, 1, 3, 2015, '{\"I1\":\"20.98\",\"I2\":\"20.98\",\"I3\":\"12.43\",\"I4\":\"12.43\",\"I5\":\"9.56\",\"I6\":\"9.56\",\"I7\":\"9.93\",\"I8\":\"3.29\"}'),
(4, 1, 4, 2015, '{\"I1\":\"20.98\",\"I2\":\"20.98\",\"I3\":\"12.43\",\"I4\":\"12.43\",\"I5\":\"9.56\",\"I6\":\"9.56\",\"I7\":\"9.93\",\"I8\":\"3.29\"}'),
(5, 1, 5, 2015, '{\"I1\":\"20.98\",\"I2\":\"20.98\",\"I3\":\"12.43\",\"I4\":\"12.43\",\"I5\":\"9.56\",\"I6\":\"9.56\",\"I7\":\"9.93\",\"I8\":\"3.29\"}'),
(6, 1, 6, 2015, '{\"I1\":\"20.98\",\"I2\":\"20.98\",\"I3\":\"12.43\",\"I4\":\"12.43\",\"I5\":\"9.56\",\"I6\":\"9.56\",\"I7\":\"9.93\",\"I8\":\"3.29\"}'),
(7, 1, 7, 2015, '{\"I1\":\"27.5\",\"I2\":\"17.73\",\"I3\":\"2.81\",\"I4\":\"1.98\",\"I5\":\"0\",\"I6\":\"0\",\"I7\":\"11.14\",\"I8\":\"2.45\"}'),
(8, 1, 8, 2015, '{\"I1\":\"27.5\",\"I2\":\"17.73\",\"I3\":\"2.81\",\"I4\":\"1.98\",\"I5\":\"0\",\"I6\":\"0\",\"I7\":\"11.14\",\"I8\":\"2.45\"}'),
(9, 1, 9, 2015, '{\"I1\":\"27.5\",\"I2\":\"17.73\",\"I3\":\"2.81\",\"I4\":\"1.98\",\"I5\":\"0\",\"I6\":\"0\",\"I7\":\"11.14\",\"I8\":\"2.45\"}'),
(10, 1, 10, 2015, '{\"I1\":\"27.5\",\"I2\":\"17.73\",\"I3\":\"2.81\",\"I4\":\"1.98\",\"I5\":\"0\",\"I6\":\"0\",\"I7\":\"11.14\",\"I8\":\"2.45\"}'),
(11, 1, 11, 2015, '{\"I1\":\"27.5\",\"I2\":\"17.73\",\"I3\":\"2.81\",\"I4\":\"1.98\",\"I5\":\"0\",\"I6\":\"0\",\"I7\":\"11.14\",\"I8\":\"2.45\"}'),
(12, 1, 12, 2015, '{\"I1\":\"27.5\",\"I2\":\"17.73\",\"I3\":\"2.81\",\"I4\":\"1.98\",\"I5\":\"0\",\"I6\":\"0\",\"I7\":\"11.14\",\"I8\":\"2.45\"}'),
(13, 1, 1, 2016, '{\"I1\":\"27.5\",\"I2\":\"15.06\",\"I3\":\"0\",\"I4\":\"0\",\"I5\":\"0\",\"I6\":\"0\",\"I7\":\"10.19\",\"I8\":\"0\"}'),
(14, 1, 2, 2016, '{\"I1\":\"27.5\",\"I2\":\"15.06\",\"I3\":\"0\",\"I4\":\"0\",\"I5\":\"0\",\"I6\":\"0\",\"I7\":\"10.19\",\"I8\":\"0\"}'),
(15, 1, 3, 2016, '{\"I1\":\"27.5\",\"I2\":\"15.06\",\"I3\":\"0\",\"I4\":\"0\",\"I5\":\"0\",\"I6\":\"0\",\"I7\":\"10.19\",\"I8\":\"0\"}'),
(16, 1, 4, 2016, '{\"I1\":\"27.5\",\"I2\":\"15.06\",\"I3\":\"0\",\"I4\":\"0\",\"I5\":\"0\",\"I6\":\"0\",\"I7\":\"10.19\",\"I8\":\"0\"}'),
(17, 1, 5, 2016, '{\"I1\":\"24\",\"I2\":\"9.95\",\"I3\":\"0\",\"I4\":\"0\",\"I5\":\"0\",\"I6\":\"0\",\"I7\":\"2.75\",\"I8\":\"0\"}'),
(18, 1, 6, 2016, '{\"I1\":\"24\",\"I2\":\"9.95\",\"I3\":\"0\",\"I4\":\"0\",\"I5\":\"0\",\"I6\":\"0\",\"I7\":\"2.75\",\"I8\":\"0\"}'),
(19, 1, 7, 2016, '{\"I1\":\"30.7\",\"I2\":\"21.16\",\"I3\":\"6.64\",\"I4\":\"6.83\",\"I5\":\"6.93\",\"I6\":\"7\",\"I7\":\"14\",\"I8\":\"0\"}'),
(20, 1, 8, 2016, '{\"I1\":\"30.7\",\"I2\":\"21.16\",\"I3\":\"6.65\",\"I4\":\"6.85\",\"I5\":\"6.95\",\"I6\":\"7.03\",\"I7\":\"14.03\",\"I8\":\"0\"}'),
(21, 1, 9, 2016, '{\"I1\":\"30.7\",\"I2\":\"21.16\",\"I3\":\"6.6\",\"I4\":\"6.8\",\"I5\":\"6.9\",\"I6\":\"6.96\",\"I7\":\"13.95\",\"I8\":\"0\"}'),
(22, 1, 10, 2016, '{\"I1\":\"30.7\",\"I2\":\"21.16\",\"I3\":\"6.65\",\"I4\":\"6.85\",\"I5\":\"6.95\",\"I6\":\"7\",\"I7\":\"14.01\",\"I8\":\"0\"}'),
(23, 1, 11, 2016, '{\"I1\":\"31.33\",\"I2\":\"21.86\",\"I3\":\"7.37\",\"I4\":\"7.58\",\"I5\":\"7.69\",\"I6\":\"7.74\",\"I7\":\"14.9\",\"I8\":\"0\"}'),
(24, 1, 12, 2016, '{\"I1\":\"31.33\",\"I2\":\"21.86\",\"I3\":\"7.37\",\"I4\":\"7.58\",\"I5\":\"7.69\",\"I6\":\"7.74\",\"I7\":\"14.9\",\"I8\":\"0\"}'),
(25, 1, 1, 2017, '{\"I1\":\"31.33\",\"I2\":\"21.1\",\"I3\":\"6.3\",\"I4\":\"6.46\",\"I5\":\"6.53\",\"I6\":\"6.56\",\"I7\":\"0\",\"I8\":\"0\"}'),
(26, 1, 2, 2017, '{\"I1\":\"31.33\",\"I2\":\"21.1\",\"I3\":\"6.3\",\"I4\":\"6.46\",\"I5\":\"6.53\",\"I6\":\"6.56\",\"I7\":\"0\",\"I8\":\"0\"}'),
(27, 1, 3, 2017, '{\"I1\":\"31.33\",\"I2\":\"21.1\",\"I3\":\"6.3\",\"I4\":\"6.46\",\"I5\":\"6.53\",\"I6\":\"6.56\",\"I7\":\"0\",\"I8\":\"0\"}'),
(28, 1, 4, 2017, '{\"I1\":\"31.33\",\"I2\":\"21.1\",\"I3\":\"6.3\",\"I4\":\"6.46\",\"I5\":\"6.53\",\"I6\":\"6.56\",\"I7\":\"0\",\"I8\":\"0\"}'),
(29, 1, 5, 2017, '{\"I1\":\"31.33\",\"I2\":\"21.1\",\"I3\":\"6.3\",\"I4\":\"6.46\",\"I5\":\"6.53\",\"I6\":\"6.56\",\"I7\":\"0\",\"I8\":\"0\"}'),
(30, 1, 6, 2017, '{\"I1\":\"32.1\",\"I2\":\"22.1\",\"I3\":\"7.5\",\"I4\":\"7.65\",\"I5\":\"7.75\",\"I6\":\"7.77\",\"I7\":\"0\",\"I8\":\"0\"}'),
(31, 1, 7, 2017, '{\"I1\":\"32.35\",\"I2\":\"23.07\",\"I3\":\"9.03\",\"I4\":\"9.26\",\"I5\":\"9.4\",\"I6\":\"9.45\",\"I7\":\"0\",\"I8\":\"0\"}'),
(32, 1, 8, 2017, '{\"I1\":\"32.8\",\"I2\":\"23.8\",\"I3\":\"9.65\",\"I4\":\"9.89\",\"I5\":\"10.04\",\"I6\":\"10.08\",\"I7\":\"0\",\"I8\":\"0\"}'),
(33, 1, 9, 2017, '{\"I1\":\"32.98\",\"I2\":\"23.95\",\"I3\":\"9.79\",\"I4\":\"10.05\",\"I5\":\"10.18\",\"I6\":\"10.23\",\"I7\":\"0\",\"I8\":\"0\"}'),
(34, 1, 10, 2017, '{\"I1\":\"32.97\",\"I2\":\"23.85\",\"I3\":\"9.7\",\"I4\":\"9.95\",\"I5\":\"10.06\",\"I6\":\"10.13\",\"I7\":\"0\",\"I8\":\"0\"}'),
(35, 1, 11, 2017, '{\"I1\":\"33.75\",\"I2\":\"24.76\",\"I3\":\"10.8\",\"I4\":\"11.06\",\"I5\":\"11.17\",\"I6\":\"11.25\",\"I7\":\"0\",\"I8\":\"0\"}'),
(36, 1, 12, 2017, '{\"I1\":\"34.92\",\"I2\":\"26.2\",\"I3\":\"12.54\",\"I4\":\"12.8\",\"I5\":\"12.92\",\"I6\":\"12.99\",\"I7\":\"0\",\"I8\":\"0\"}'),
(37, 1, 1, 2018, '{\"I1\":\"35.43\",\"I2\":\"26.97\",\"I3\":\"13.54\",\"I4\":\"13.84\",\"I5\":\"13.97\",\"I6\":\"14.07\",\"I7\":\"0\",\"I8\":\"0\"}'),
(38, 1, 2, 2018, '{\"I1\":\"36.2\",\"I2\":\"27.89\",\"I3\":\"14.67\",\"I4\":\"15\",\"I5\":\"15.13\",\"I6\":\"15.24\",\"I7\":\"0\",\"I8\":\"0\"}'),
(39, 1, 3, 2018, '{\"I1\":\"35.14\",\"I2\":\"26.21\",\"I3\":\"12.93\",\"I4\":\"13.23\",\"I5\":\"13.34\",\"I6\":\"13.44\",\"I7\":\"0\",\"I8\":\"0\"}'),
(40, 1, 4, 2018, '{\"I1\":\"34.48\",\"I2\":\"25.15\",\"I3\":\"11.84\",\"I4\":\"12.12\",\"I5\":\"12.22\",\"I6\":\"12.32\",\"I7\":\"0\",\"I8\":\"0\"}'),
(41, 1, 5, 2018, '{\"I1\":\"34.85\",\"I2\":\"25.74\",\"I3\":\"12.44\",\"I4\":\"12.74\",\"I5\":\"12.84\",\"I6\":\"12.94\",\"I7\":\"0\",\"I8\":\"0\"}'),
(42, 1, 6, 2018, '{\"I1\":\"35.5\",\"I2\":\"26.78\",\"I3\":\"13.52\",\"I4\":\"13.83\",\"I5\":\"13.95\",\"I6\":\"14.05\",\"I7\":\"0\",\"I8\":\"0\"}'),
(43, 1, 7, 2018, '{\"I1\":\"35.7\",\"I2\":\"27.09\",\"I3\":\"13.84\",\"I4\":\"14.16\",\"I5\":\"14.28\",\"I6\":\"14.38\",\"I7\":\"0\",\"I8\":\"0\"}'),
(44, 1, 8, 2018, '{\"I1\":\"35.7\",\"I2\":\"27.09\",\"I3\":\"13.84\",\"I4\":\"14.16\",\"I5\":\"14.28\",\"I6\":\"14.38\",\"I7\":\"0\",\"I8\":\"0\"}'),
(45, 1, 9, 2018, '{\"I1\":\"35.7\",\"I2\":\"27.09\",\"I3\":\"13.84\",\"I4\":\"14.16\",\"I5\":\"14.28\",\"I6\":\"14.38\",\"I7\":\"0\",\"I8\":\"0\"}'),
(46, 1, 10, 2018, '{\"I1\":\"35.7\",\"I2\":\"27.09\",\"I3\":\"13.84\",\"I4\":\"14.16\",\"I5\":\"14.28\",\"I6\":\"14.38\",\"I7\":\"0\",\"I8\":\"0\"}'),
(47, 1, 11, 2018, '{\"I1\":\"35.7\",\"I2\":\"27.09\",\"I3\":\"13.84\",\"I4\":\"14.16\",\"I5\":\"14.28\",\"I6\":\"14.38\",\"I7\":\"0\",\"I8\":\"0\"}'),
(48, 1, 12, 2018, '{\"I1\":\"35.7\",\"I2\":\"27.09\",\"I3\":\"13.84\",\"I4\":\"14.16\",\"I5\":\"14.28\",\"I6\":\"14.38\",\"I7\":\"0\",\"I8\":\"0\"}'),
(49, 1, 1, 2019, '{\"I1\":\"35.7\",\"I2\":\"25.09\",\"I3\":\"10.84\",\"I4\":\"12.16\",\"I5\":\"12.28\",\"I6\":\"12.38\",\"I7\":\"0\",\"I8\":\"0\"}'),
(50, 1, 2, 2019, '{\"I1\":\"35.7\",\"I2\":\"25.09\",\"I3\":\"10.84\",\"I4\":\"12.16\",\"I5\":\"12.28\",\"I6\":\"12.38\",\"I7\":\"0\",\"I8\":\"0\"}'),
(51, 1, 3, 2019, '{\"I1\":\"35.7\",\"I2\":\"25.09\",\"I3\":\"10.84\",\"I4\":\"12.16\",\"I5\":\"12.28\",\"I6\":\"12.38\",\"I7\":\"0\",\"I8\":\"0\"}'),
(52, 1, 4, 2019, '{\"I1\":\"35.7\",\"I2\":\"25.09\",\"I3\":\"10.84\",\"I4\":\"12.16\",\"I5\":\"12.28\",\"I6\":\"12.38\",\"I7\":\"0\",\"I8\":\"0\"}'),
(53, 1, 5, 2019, '{\"I1\":\"35.7\",\"I2\":\"25.09\",\"I3\":\"10.84\",\"I4\":\"12.16\",\"I5\":\"12.28\",\"I6\":\"12.38\",\"I7\":\"0\",\"I8\":\"0\"}'),
(54, 1, 6, 2019, '{\"I1\":\"35.7\",\"I2\":\"25.09\",\"I3\":\"10.84\",\"I4\":\"12.16\",\"I5\":\"12.28\",\"I6\":\"12.38\",\"I7\":\"0\",\"I8\":\"0\"}'),
(55, 1, 7, 2019, '{\"I1\":\"39.06\",\"I2\":\"28.16\",\"I3\":\"15\",\"I4\":\"15.04\",\"I5\":\"15.01\",\"I6\":\"15.01\",\"I7\":\"0\",\"I8\":\"0\"}'),
(56, 1, 8, 2019, '{\"I1\":\"39.06\",\"I2\":\"28.16\",\"I3\":\"15\",\"I4\":\"15.04\",\"I5\":\"15.01\",\"I6\":\"15.01\",\"I7\":\"0\",\"I8\":\"0\"}'),
(57, 1, 9, 2019, '{\"I1\":\"39.06\",\"I2\":\"28.16\",\"I3\":\"15\",\"I4\":\"15.04\",\"I5\":\"15.01\",\"I6\":\"15.01\",\"I7\":\"0\",\"I8\":\"0\"}'),
(58, 1, 10, 2019, '{\"I1\":\"39.06\",\"I2\":\"28.16\",\"I3\":\"15\",\"I4\":\"15.04\",\"I5\":\"15.01\",\"I6\":\"15.01\",\"I7\":\"0\",\"I8\":\"0\"}'),
(59, 1, 11, 2019, '{\"I1\":\"39.06\",\"I2\":\"28.16\",\"I3\":\"15\",\"I4\":\"15.04\",\"I5\":\"15.01\",\"I6\":\"15.01\",\"I7\":\"0\",\"I8\":\"0\"}'),
(60, 1, 12, 2019, '{\"I1\":\"39.06\",\"I2\":\"28.16\",\"I3\":\"15\",\"I4\":\"15.04\",\"I5\":\"15.01\",\"I6\":\"15.01\",\"I7\":\"0\",\"I8\":\"0\"}'),
(61, 2, 1, 2015, '{\"I1\":\"7.21\",\"I2\":\"7.21\",\"I3\":\"4.85\",\"I4\":\"4.8\",\"I5\":\"0.23\",\"I6\":\"0.23\",\"I7\":\"0\",\"I8\":\"0\"}'),
(62, 2, 2, 2015, '{\"I1\":\"7.21\",\"I2\":\"7.21\",\"I3\":\"4.85\",\"I4\":\"4.8\",\"I5\":\"0.23\",\"I6\":\"0.23\",\"I7\":\"0\",\"I8\":\"0\"}'),
(63, 2, 3, 2015, '{\"I1\":\"7.21\",\"I2\":\"7.21\",\"I3\":\"4.85\",\"I4\":\"4.8\",\"I5\":\"0.23\",\"I6\":\"0.23\",\"I7\":\"0\",\"I8\":\"0\"}'),
(64, 2, 4, 2015, '{\"I1\":\"7.21\",\"I2\":\"7.21\",\"I3\":\"4.85\",\"I4\":\"4.8\",\"I5\":\"0.23\",\"I6\":\"0.23\",\"I7\":\"0\",\"I8\":\"0\"}'),
(65, 2, 5, 2015, '{\"I1\":\"7.21\",\"I2\":\"7.21\",\"I3\":\"4.85\",\"I4\":\"4.8\",\"I5\":\"0.23\",\"I6\":\"0.23\",\"I7\":\"0\",\"I8\":\"0\"}'),
(66, 2, 6, 2015, '{\"I1\":\"7.21\",\"I2\":\"7.21\",\"I3\":\"4.85\",\"I4\":\"4.8\",\"I5\":\"0.23\",\"I6\":\"0.23\",\"I7\":\"0\",\"I8\":\"0\"}'),
(67, 2, 7, 2015, '{\"I1\":\"15.5\",\"I2\":\"11.09\",\"I3\":\"7.55\",\"I4\":\"7.54\",\"I5\":\"0.36\",\"I6\":\"0.36\",\"I7\":\"0\",\"I8\":\"0\"}'),
(68, 2, 8, 2015, '{\"I1\":\"15.5\",\"I2\":\"11.09\",\"I3\":\"7.55\",\"I4\":\"7.54\",\"I5\":\"0.36\",\"I6\":\"0.36\",\"I7\":\"0\",\"I8\":\"0\"}'),
(69, 2, 9, 2015, '{\"I1\":\"15.5\",\"I2\":\"11.09\",\"I3\":\"7.55\",\"I4\":\"7.54\",\"I5\":\"0.36\",\"I6\":\"0.36\",\"I7\":\"0\",\"I8\":\"0\"}'),
(70, 2, 10, 2015, '{\"I1\":\"15.5\",\"I2\":\"11.09\",\"I3\":\"7.55\",\"I4\":\"7.54\",\"I5\":\"0.36\",\"I6\":\"0.36\",\"I7\":\"0\",\"I8\":\"0\"}'),
(71, 2, 11, 2015, '{\"I1\":\"15.5\",\"I2\":\"11.09\",\"I3\":\"7.55\",\"I4\":\"7.54\",\"I5\":\"0.36\",\"I6\":\"0.36\",\"I7\":\"0\",\"I8\":\"0\"}'),
(72, 2, 12, 2015, '{\"I1\":\"15.5\",\"I2\":\"11.09\",\"I3\":\"7.55\",\"I4\":\"7.54\",\"I5\":\"0.36\",\"I6\":\"0.36\",\"I7\":\"0\",\"I8\":\"0\"}'),
(73, 2, 1, 2016, '{\"I1\":\"15.5\",\"I2\":\"14.05\",\"I3\":\"9.39\",\"I4\":\"9.41\",\"I5\":\"0.45\",\"I6\":\"0.45\",\"I7\":\"0\",\"I8\":\"0\"}'),
(74, 2, 2, 2016, '{\"I1\":\"15.5\",\"I2\":\"14.05\",\"I3\":\"9.39\",\"I4\":\"9.41\",\"I5\":\"0.45\",\"I6\":\"0.45\",\"I7\":\"0\",\"I8\":\"0\"}'),
(75, 2, 3, 2016, '{\"I1\":\"15.5\",\"I2\":\"14.05\",\"I3\":\"9.39\",\"I4\":\"9.41\",\"I5\":\"0.45\",\"I6\":\"0.45\",\"I7\":\"0\",\"I8\":\"0\"}'),
(76, 2, 4, 2016, '{\"I1\":\"15.5\",\"I2\":\"14.05\",\"I3\":\"9.39\",\"I4\":\"9.41\",\"I5\":\"0.45\",\"I6\":\"0.45\",\"I7\":\"0\",\"I8\":\"0\"}'),
(77, 2, 5, 2016, '{\"I1\":\"15.5\",\"I2\":\"14.05\",\"I3\":\"9.39\",\"I4\":\"9.41\",\"I5\":\"0.45\",\"I6\":\"0.45\",\"I7\":\"0\",\"I8\":\"0\"}'),
(78, 2, 6, 2016, '{\"I1\":\"15.5\",\"I2\":\"14.05\",\"I3\":\"9.39\",\"I4\":\"9.41\",\"I5\":\"0.45\",\"I6\":\"0.45\",\"I7\":\"0\",\"I8\":\"0\"}'),
(79, 2, 7, 2016, '{\"I1\":\"15.5\",\"I2\":\"14.5\",\"I3\":\"7.71\",\"I4\":\"9.77\",\"I5\":\"0.56\",\"I6\":\"0.56\",\"I7\":\"0\",\"I8\":\"0\"}'),
(80, 2, 8, 2016, '{\"I1\":\"15.5\",\"I2\":\"14.5\",\"I3\":\"7.71\",\"I4\":\"9.77\",\"I5\":\"0.56\",\"I6\":\"0.56\",\"I7\":\"0\",\"I8\":\"0\"}'),
(81, 2, 9, 2016, '{\"I1\":\"15.5\",\"I2\":\"14.5\",\"I3\":\"7.71\",\"I4\":\"9.77\",\"I5\":\"0.56\",\"I6\":\"0.56\",\"I7\":\"0\",\"I8\":\"0\"}'),
(82, 2, 10, 2016, '{\"I1\":\"15.5\",\"I2\":\"14.5\",\"I3\":\"7.71\",\"I4\":\"9.77\",\"I5\":\"0.56\",\"I6\":\"0.56\",\"I7\":\"0\",\"I8\":\"0\"}'),
(83, 2, 11, 2016, '{\"I1\":\"15.5\",\"I2\":\"14.5\",\"I3\":\"7.71\",\"I4\":\"9.77\",\"I5\":\"0.56\",\"I6\":\"0.56\",\"I7\":\"0\",\"I8\":\"0\"}'),
(84, 2, 12, 2016, '{\"I1\":\"15.5\",\"I2\":\"14.5\",\"I3\":\"7.71\",\"I4\":\"9.77\",\"I5\":\"0.56\",\"I6\":\"0.56\",\"I7\":\"0\",\"I8\":\"0\"}'),
(85, 2, 1, 2017, '{\"I1\":\"15.5\",\"I2\":\"14.5\",\"I3\":\"9.71\",\"I4\":\"9.77\",\"I5\":\"0.56\",\"I6\":\"0.56\",\"I7\":\"0\",\"I8\":\"0\"}'),
(86, 2, 2, 2017, '{\"I1\":\"15.5\",\"I2\":\"14.5\",\"I3\":\"9.71\",\"I4\":\"9.77\",\"I5\":\"0.56\",\"I6\":\"0.56\",\"I7\":\"0\",\"I8\":\"0\"}'),
(87, 2, 3, 2017, '{\"I1\":\"15.5\",\"I2\":\"14.5\",\"I3\":\"9.71\",\"I4\":\"9.77\",\"I5\":\"0.56\",\"I6\":\"0.56\",\"I7\":\"0\",\"I8\":\"0\"}'),
(88, 2, 4, 2017, '{\"I1\":\"15.5\",\"I2\":\"14.5\",\"I3\":\"9.71\",\"I4\":\"9.77\",\"I5\":\"0.56\",\"I6\":\"0.56\",\"I7\":\"0\",\"I8\":\"0\"}'),
(89, 2, 5, 2017, '{\"I1\":\"15.5\",\"I2\":\"14.5\",\"I3\":\"9.71\",\"I4\":\"9.77\",\"I5\":\"0.56\",\"I6\":\"0.56\",\"I7\":\"0\",\"I8\":\"0\"}'),
(90, 2, 6, 2017, '{\"I1\":\"15.5\",\"I2\":\"14.5\",\"I3\":\"9.71\",\"I4\":\"9.77\",\"I5\":\"0.56\",\"I6\":\"0.56\",\"I7\":\"0\",\"I8\":\"0\"}'),
(91, 2, 7, 2017, '{\"I1\":\"15.5\",\"I2\":\"14.5\",\"I3\":\"9.71\",\"I4\":\"9.77\",\"I5\":\"0.56\",\"I6\":\"0.56\",\"I7\":\"0\",\"I8\":\"0\"}'),
(92, 2, 8, 2017, '{\"I1\":\"15.5\",\"I2\":\"14.5\",\"I3\":\"9.71\",\"I4\":\"9.77\",\"I5\":\"0.56\",\"I6\":\"0.56\",\"I7\":\"0\",\"I8\":\"0\"}'),
(93, 2, 9, 2017, '{\"I1\":\"15.5\",\"I2\":\"14.5\",\"I3\":\"9.71\",\"I4\":\"9.77\",\"I5\":\"0.56\",\"I6\":\"0.56\",\"I7\":\"0\",\"I8\":\"0\"}'),
(94, 2, 10, 2017, '{\"I1\":\"15.5\",\"I2\":\"14.5\",\"I3\":\"9.71\",\"I4\":\"9.77\",\"I5\":\"0.56\",\"I6\":\"0.56\",\"I7\":\"0\",\"I8\":\"0\"}'),
(95, 2, 11, 2017, '{\"I1\":\"15.5\",\"I2\":\"14.5\",\"I3\":\"9.71\",\"I4\":\"9.77\",\"I5\":\"0.56\",\"I6\":\"0.56\",\"I7\":\"0\",\"I8\":\"0\"}'),
(96, 2, 12, 2017, '{\"I1\":\"15.5\",\"I2\":\"14.5\",\"I3\":\"9.71\",\"I4\":\"9.77\",\"I5\":\"0.56\",\"I6\":\"0.56\",\"I7\":\"0\",\"I8\":\"0\"}'),
(97, 2, 1, 2018, '{\"I1\":\"15.5\",\"I2\":\"14.47\",\"I3\":\"9.69\",\"I4\":\"9.75\",\"I5\":\"0.55\",\"I6\":\"0.55\",\"I7\":\"0\",\"I8\":\"0\"}'),
(98, 2, 2, 2018, '{\"I1\":\"15.5\",\"I2\":\"14.47\",\"I3\":\"9.69\",\"I4\":\"9.75\",\"I5\":\"0.55\",\"I6\":\"0.55\",\"I7\":\"0\",\"I8\":\"0\"}'),
(99, 2, 3, 2018, '{\"I1\":\"15.5\",\"I2\":\"14.47\",\"I3\":\"9.69\",\"I4\":\"9.75\",\"I5\":\"0.55\",\"I6\":\"0.55\",\"I7\":\"0\",\"I8\":\"0\"}'),
(100, 2, 4, 2018, '{\"I1\":\"15.5\",\"I2\":\"14.47\",\"I3\":\"9.69\",\"I4\":\"9.75\",\"I5\":\"0.55\",\"I6\":\"0.55\",\"I7\":\"0\",\"I8\":\"0\"}'),
(101, 2, 5, 2018, '{\"I1\":\"15.5\",\"I2\":\"14.47\",\"I3\":\"9.69\",\"I4\":\"9.75\",\"I5\":\"0.55\",\"I6\":\"0.55\",\"I7\":\"0\",\"I8\":\"0\"}'),
(102, 2, 6, 2018, '{\"I1\":\"15.5\",\"I2\":\"14.47\",\"I3\":\"9.69\",\"I4\":\"9.75\",\"I5\":\"0.55\",\"I6\":\"0.55\",\"I7\":\"0\",\"I8\":\"0\"}'),
(103, 2, 7, 2018, '{\"I1\":\"15.5\",\"I2\":\"14.47\",\"I3\":\"9.69\",\"I4\":\"9.75\",\"I5\":\"0.55\",\"I6\":\"0.55\",\"I7\":\"0\",\"I8\":\"0\"}'),
(104, 2, 8, 2018, '{\"I1\":\"15.5\",\"I2\":\"14.47\",\"I3\":\"9.69\",\"I4\":\"9.75\",\"I5\":\"0.55\",\"I6\":\"0.55\",\"I7\":\"0\",\"I8\":\"0\"}'),
(105, 2, 9, 2018, '{\"I1\":\"15.5\",\"I2\":\"14.47\",\"I3\":\"9.69\",\"I4\":\"9.75\",\"I5\":\"0.55\",\"I6\":\"0.55\",\"I7\":\"0\",\"I8\":\"0\"}'),
(106, 2, 10, 2018, '{\"I1\":\"15.5\",\"I2\":\"14.47\",\"I3\":\"9.69\",\"I4\":\"9.75\",\"I5\":\"0.55\",\"I6\":\"0.55\",\"I7\":\"0\",\"I8\":\"0\"}'),
(107, 2, 11, 2018, '{\"I1\":\"15.5\",\"I2\":\"14.47\",\"I3\":\"9.69\",\"I4\":\"9.75\",\"I5\":\"0.55\",\"I6\":\"0.55\",\"I7\":\"0\",\"I8\":\"0\"}'),
(108, 2, 12, 2018, '{\"I1\":\"15.5\",\"I2\":\"14.47\",\"I3\":\"9.69\",\"I4\":\"9.75\",\"I5\":\"0.55\",\"I6\":\"0.55\",\"I7\":\"0\",\"I8\":\"0\"}'),
(109, 2, 1, 2019, '{\"I1\":\"30.94\",\"I2\":\"30.94\",\"I3\":\"17.2\",\"I4\":\"19.52\",\"I5\":\"16.07\",\"I6\":\"16.13\",\"I7\":\"0\",\"I8\":\"0\"}'),
(110, 2, 2, 2019, '{\"I1\":\"30.94\",\"I2\":\"30.94\",\"I3\":\"17.2\",\"I4\":\"19.52\",\"I5\":\"16.07\",\"I6\":\"16.13\",\"I7\":\"0\",\"I8\":\"0\"}'),
(111, 2, 3, 2019, '{\"I1\":\"30.94\",\"I2\":\"30.94\",\"I3\":\"17.2\",\"I4\":\"19.52\",\"I5\":\"16.07\",\"I6\":\"16.13\",\"I7\":\"0\",\"I8\":\"0\"}'),
(112, 2, 4, 2019, '{\"I1\":\"30.94\",\"I2\":\"30.94\",\"I3\":\"17.2\",\"I4\":\"19.52\",\"I5\":\"16.07\",\"I6\":\"16.13\",\"I7\":\"0\",\"I8\":\"0\"}'),
(113, 2, 5, 2019, '{\"I1\":\"30.94\",\"I2\":\"30.94\",\"I3\":\"17.2\",\"I4\":\"19.52\",\"I5\":\"16.07\",\"I6\":\"16.13\",\"I7\":\"0\",\"I8\":\"0\"}'),
(114, 2, 6, 2019, '{\"I1\":\"30.94\",\"I2\":\"30.94\",\"I3\":\"17.2\",\"I4\":\"19.52\",\"I5\":\"16.07\",\"I6\":\"16.13\",\"I7\":\"0\",\"I8\":\"0\"}'),
(115, 2, 7, 2019, '{\"I1\":\"30.94\",\"I2\":\"30.94\",\"I3\":\"17.2\",\"I4\":\"19.52\",\"I5\":\"16.07\",\"I6\":\"16.13\",\"I7\":\"0\",\"I8\":\"0\"}'),
(116, 2, 8, 2019, '{\"I1\":\"30.94\",\"I2\":\"30.94\",\"I3\":\"17.2\",\"I4\":\"19.52\",\"I5\":\"16.07\",\"I6\":\"16.13\",\"I7\":\"0\",\"I8\":\"0\"}'),
(117, 2, 9, 2019, '{\"I1\":\"30.94\",\"I2\":\"30.94\",\"I3\":\"17.2\",\"I4\":\"19.52\",\"I5\":\"16.07\",\"I6\":\"16.13\",\"I7\":\"0\",\"I8\":\"0\"}'),
(118, 2, 10, 2019, '{\"I1\":\"30.94\",\"I2\":\"30.94\",\"I3\":\"17.2\",\"I4\":\"19.52\",\"I5\":\"16.07\",\"I6\":\"16.13\",\"I7\":\"0\",\"I8\":\"0\"}'),
(119, 2, 11, 2019, '{\"I1\":\"30.94\",\"I2\":\"30.94\",\"I3\":\"17.2\",\"I4\":\"19.52\",\"I5\":\"16.07\",\"I6\":\"16.13\",\"I7\":\"0\",\"I8\":\"0\"}'),
(120, 2, 12, 2019, '{\"I1\":\"30.94\",\"I2\":\"30.94\",\"I3\":\"17.2\",\"I4\":\"19.52\",\"I5\":\"16.07\",\"I6\":\"16.13\",\"I7\":\"0\",\"I8\":\"0\"}'),
(121, 3, 1, 2015, '{\"I1\":\"38.72\",\"I2\":\"38.72\",\"I3\":\"36.57\",\"I4\":\"36.57\",\"I5\":\"25.26\",\"I6\":\"25.26\",\"I7\":\"23.34\",\"I8\":\"7.76\"}'),
(122, 3, 2, 2015, '{\"I1\":\"38.72\",\"I2\":\"38.72\",\"I3\":\"36.57\",\"I4\":\"36.57\",\"I5\":\"25.26\",\"I6\":\"25.26\",\"I7\":\"23.34\",\"I8\":\"7.76\"}'),
(123, 3, 3, 2015, '{\"I1\":\"38.72\",\"I2\":\"38.72\",\"I3\":\"36.57\",\"I4\":\"36.57\",\"I5\":\"25.26\",\"I6\":\"25.26\",\"I7\":\"23.34\",\"I8\":\"7.76\"}'),
(124, 3, 4, 2015, '{\"I1\":\"38.72\",\"I2\":\"38.72\",\"I3\":\"36.57\",\"I4\":\"36.57\",\"I5\":\"25.26\",\"I6\":\"25.26\",\"I7\":\"23.34\",\"I8\":\"7.76\"}'),
(125, 3, 5, 2015, '{\"I1\":\"38.72\",\"I2\":\"38.72\",\"I3\":\"36.57\",\"I4\":\"36.57\",\"I5\":\"25.26\",\"I6\":\"25.26\",\"I7\":\"23.34\",\"I8\":\"7.76\"}'),
(126, 3, 6, 2015, '{\"I1\":\"38.72\",\"I2\":\"38.72\",\"I3\":\"36.57\",\"I4\":\"36.57\",\"I5\":\"25.26\",\"I6\":\"25.26\",\"I7\":\"23.34\",\"I8\":\"7.76\"}'),
(127, 3, 7, 2015, '{\"I1\":\"38.72\",\"I2\":\"38.72\",\"I3\":\"36.57\",\"I4\":\"36.57\",\"I5\":\"25.26\",\"I6\":\"25.26\",\"I7\":\"11.14\",\"I8\":\"24.75\"}'),
(128, 3, 8, 2015, '{\"I1\":\"36.75\",\"I2\":\"36.6\",\"I3\":\"31.97\",\"I4\":\"31.3\",\"I5\":\"16.2\",\"I6\":\"15.9\",\"I7\":\"11.14\",\"I8\":\"24.75\"}'),
(129, 3, 9, 2015, '{\"I1\":\"36.75\",\"I2\":\"36.6\",\"I3\":\"31.97\",\"I4\":\"31.3\",\"I5\":\"16.2\",\"I6\":\"15.9\",\"I7\":\"11.14\",\"I8\":\"24.75\"}'),
(130, 3, 10, 2015, '{\"I1\":\"36.75\",\"I2\":\"36.6\",\"I3\":\"31.97\",\"I4\":\"31.3\",\"I5\":\"16.2\",\"I6\":\"15.9\",\"I7\":\"11.14\",\"I8\":\"24.75\"}'),
(131, 3, 11, 2015, '{\"I1\":\"36.75\",\"I2\":\"36.6\",\"I3\":\"31.97\",\"I4\":\"31.3\",\"I5\":\"16.2\",\"I6\":\"15.9\",\"I7\":\"11.14\",\"I8\":\"24.75\"}'),
(132, 3, 12, 2015, '{\"I1\":\"36.75\",\"I2\":\"36.6\",\"I3\":\"31.97\",\"I4\":\"31.3\",\"I5\":\"16.2\",\"I6\":\"15.9\",\"I7\":\"11.14\",\"I8\":\"24.75\"}'),
(133, 3, 1, 2016, '{\"I1\":\"31.52\",\"I2\":\"31.32\",\"I3\":\"25.18\",\"I4\":\"24.04\",\"I5\":\"7.09\",\"I6\":\"6.6\",\"I7\":\"0\",\"I8\":\"15.08\"}'),
(134, 3, 2, 2016, '{\"I1\":\"31.52\",\"I2\":\"31.32\",\"I3\":\"25.18\",\"I4\":\"24.04\",\"I5\":\"7.09\",\"I6\":\"6.6\",\"I7\":\"15.08\",\"I8\":\"0\"}'),
(135, 3, 3, 2016, '{\"I1\":\"31.52\",\"I2\":\"31.32\",\"I3\":\"25.18\",\"I4\":\"24.04\",\"I5\":\"7.09\",\"I6\":\"6.6\",\"I7\":\"15.08\",\"I8\":\"0\"}'),
(136, 3, 4, 2016, '{\"I1\":\"31.52\",\"I2\":\"31.32\",\"I3\":\"25.18\",\"I4\":\"24.04\",\"I5\":\"7.09\",\"I6\":\"6.6\",\"I7\":\"15.08\",\"I8\":\"0\"}'),
(137, 3, 5, 2016, '{\"I1\":\"27\",\"I2\":\"26.18\",\"I3\":\"19.36\",\"I4\":\"17.95\",\"I5\":\"0\",\"I6\":\"0\",\"I7\":\"15.08\",\"I8\":\"0\"}'),
(138, 3, 6, 2016, '{\"I1\":\"26.19\",\"I2\":\"26.65\",\"I3\":\"18.9\",\"I4\":\"17.6\",\"I5\":\"0\",\"I6\":\"0\",\"I7\":\"15.08\",\"I8\":\"0\"}'),
(139, 3, 7, 2016, '{\"I1\":\"29.2\",\"I2\":\"28.75\",\"I3\":\"22.3\",\"I4\":\"21.05\",\"I5\":\"3.4\",\"I6\":\"2.9\",\"I7\":\"6.8\",\"I8\":\"0\"}'),
(140, 3, 8, 2016, '{\"I1\":\"29.2\",\"I2\":\"28.72\",\"I3\":\"22.3\",\"I4\":\"21.03\",\"I5\":\"3.35\",\"I6\":\"2.87\",\"I7\":\"6.76\",\"I8\":\"0\"}'),
(141, 3, 9, 2016, '{\"I1\":\"29.2\",\"I2\":\"28.72\",\"I3\":\"22.25\",\"I4\":\"21\",\"I5\":\"3.33\",\"I6\":\"2.82\",\"I7\":\"6.72\",\"I8\":\"0\"}'),
(142, 3, 10, 2016, '{\"I1\":\"29.2\",\"I2\":\"28.72\",\"I3\":\"22.3\",\"I4\":\"21.03\",\"I5\":\"3.38\",\"I6\":\"2.88\",\"I7\":\"6.77\",\"I8\":\"0\"}'),
(143, 3, 11, 2016, '{\"I1\":\"29.8\",\"I2\":\"29.35\",\"I3\":\"22.96\",\"I4\":\"21.75\",\"I5\":\"4.25\",\"I6\":\"3.75\",\"I7\":\"7.78\",\"I8\":\"0\"}'),
(144, 3, 12, 2016, '{\"I1\":\"33.38\",\"I2\":\"33.14\",\"I3\":\"27.16\",\"I4\":\"26.06\",\"I5\":\"9.55\",\"I6\":\"9.09\",\"I7\":\"13.94\",\"I8\":\"0\"}'),
(145, 3, 1, 2017, '{\"I1\":\"35.85\",\"I2\":\"36.08\",\"I3\":\"30.55\",\"I4\":\"29.58\",\"I5\":\"13.93\",\"I6\":\"13.54\",\"I7\":\"0\",\"I8\":\"0\"}'),
(146, 3, 2, 2017, '{\"I1\":\"37.04\",\"I2\":\"37.31\",\"I3\":\"31.9\",\"I4\":\"30.97\",\"I5\":\"15.63\",\"I6\":\"15.26\",\"I7\":\"0\",\"I8\":\"0\"}'),
(147, 3, 3, 2017, '{\"I1\":\"35.67\",\"I2\":\"35.89\",\"I3\":\"30.34\",\"I4\":\"29.37\",\"I5\":\"13.67\",\"I6\":\"13.28\",\"I7\":\"0\",\"I8\":\"0\"}'),
(148, 3, 4, 2017, '{\"I1\":\"36.44\",\"I2\":\"36.69\",\"I3\":\"31.22\",\"I4\":\"30.27\",\"I5\":\"14.77\",\"I6\":\"14.39\",\"I7\":\"0\",\"I8\":\"0\"}'),
(149, 3, 5, 2017, '{\"I1\":\"35.08\",\"I2\":\"35.28\",\"I3\":\"29.66\",\"I4\":\"28.68\",\"I5\":\"12.82\",\"I6\":\"12.43\",\"I7\":\"0\",\"I8\":\"0\"}'),
(150, 3, 6, 2017, '{\"I1\":\"36.98\",\"I2\":\"37.25\",\"I3\":\"31.84\",\"I4\":\"30.9\",\"I5\":\"15.55\",\"I6\":\"15.17\",\"I7\":\"0\",\"I8\":\"0\"}'),
(151, 3, 7, 2017, '{\"I1\":\"36.16\",\"I2\":\"36.65\",\"I3\":\"31.27\",\"I4\":\"30.37\",\"I5\":\"14.93\",\"I6\":\"14.58\",\"I7\":\"0\",\"I8\":\"0\"}'),
(152, 3, 8, 2017, '{\"I1\":\"36.41\",\"I2\":\"36.92\",\"I3\":\"31.56\",\"I4\":\"30.67\",\"I5\":\"15.3\",\"I6\":\"14.94\",\"I7\":\"0\",\"I8\":\"0\"}'),
(153, 3, 9, 2017, '{\"I1\":\"35.25\",\"I2\":\"35.71\",\"I3\":\"30.24\",\"I4\":\"29.32\",\"I5\":\"13.64\",\"I6\":\"13.28\",\"I7\":\"0\",\"I8\":\"0\"}'),
(154, 3, 10, 2017, '{\"I1\":\"34.7\",\"I2\":\"35.14\",\"I3\":\"29.61\",\"I4\":\"28.68\",\"I5\":\"12.85\",\"I6\":\"12.49\",\"I7\":\"0\",\"I8\":\"0\"}'),
(155, 3, 11, 2017, '{\"I1\":\"35.42\",\"I2\":\"35.89\",\"I3\":\"30.43\",\"I4\":\"29.52\",\"I5\":\"13.89\",\"I6\":\"13.52\",\"I7\":\"0\",\"I8\":\"0\"}'),
(156, 3, 12, 2017, '{\"I1\":\"35.08\",\"I2\":\"35.54\",\"I3\":\"30.05\",\"I4\":\"29.12\",\"I5\":\"13.4\",\"I6\":\"13.04\",\"I7\":\"0\",\"I8\":\"0\"}'),
(157, 3, 1, 2018, '{\"I1\":\"36.62\",\"I2\":\"37.12\",\"I3\":\"31.77\",\"I4\":\"30.88\",\"I5\":\"15.55\",\"I6\":\"15.2\",\"I7\":\"0\",\"I8\":\"0\"}'),
(158, 3, 2, 2018, '{\"I1\":\"37.16\",\"I2\":\"27.89\",\"I3\":\"14.67\",\"I4\":\"15\",\"I5\":\"15.13\",\"I6\":\"15.24\",\"I7\":\"0\",\"I8\":\"0\"}'),
(159, 3, 3, 2018, '{\"I1\":\"37.38\",\"I2\":\"37.9\",\"I3\":\"32.63\",\"I4\":\"31.76\",\"I5\":\"16.63\",\"I6\":\"16.28\",\"I7\":\"0\",\"I8\":\"0\"}'),
(160, 3, 4, 2018, '{\"I1\":\"37.68\",\"I2\":\"38.21\",\"I3\":\"32.97\",\"I4\":\"32.1\",\"I5\":\"17.06\",\"I6\":\"16.72\",\"I7\":\"0\",\"I8\":\"0\"}'),
(161, 3, 5, 2018, '{\"I1\":\"36.94\",\"I2\":\"37.44\",\"I3\":\"32.13\",\"I4\":\"31.24\",\"I5\":\"16\",\"I6\":\"15.65\",\"I7\":\"0\",\"I8\":\"0\"}'),
(162, 3, 6, 2018, '{\"I1\":\"37.06\",\"I2\":\"37.57\",\"I3\":\"32.27\",\"I4\":\"31.38\",\"I5\":\"16.17\",\"I6\":\"15.83\",\"I7\":\"0\",\"I8\":\"0\"}'),
(163, 3, 7, 2018, '{\"I1\":\"37.14\",\"I2\":\"37.65\",\"I3\":\"32.36\",\"I4\":\"31.48\",\"I5\":\"16.29\",\"I6\":\"15.94\",\"I7\":\"0\",\"I8\":\"0\"}'),
(164, 3, 8, 2018, '{\"I1\":\"37.14\",\"I2\":\"37.65\",\"I3\":\"32.36\",\"I4\":\"31.48\",\"I5\":\"16.29\",\"I6\":\"15.94\",\"I7\":\"0\",\"I8\":\"0\"}'),
(165, 3, 9, 2018, '{\"I1\":\"37.14\",\"I2\":\"37.65\",\"I3\":\"32.36\",\"I4\":\"31.48\",\"I5\":\"16.29\",\"I6\":\"15.94\",\"I7\":\"0\",\"I8\":\"0\"}'),
(166, 3, 10, 2018, '{\"I1\":\"37.14\",\"I2\":\"37.65\",\"I3\":\"32.36\",\"I4\":\"31.48\",\"I5\":\"16.29\",\"I6\":\"15.94\",\"I7\":\"0\",\"I8\":\"0\"}'),
(167, 3, 11, 2018, '{\"I1\":\"37.14\",\"I2\":\"37.65\",\"I3\":\"32.36\",\"I4\":\"31.48\",\"I5\":\"16.29\",\"I6\":\"15.94\",\"I7\":\"0\",\"I8\":\"0\"}'),
(168, 3, 12, 2018, '{\"I1\":\"37.14\",\"I2\":\"37.65\",\"I3\":\"32.36\",\"I4\":\"31.48\",\"I5\":\"16.29\",\"I6\":\"15.94\",\"I7\":\"0\",\"I8\":\"0\"}'),
(169, 3, 1, 2019, '{\"I1\":\"30.58\",\"I2\":\"30.35\",\"I3\":\"25.82\",\"I4\":\"25.01\",\"I5\":\"12.64\",\"I6\":\"12.33\",\"I7\":\"0\",\"I8\":\"0\"}'),
(170, 3, 2, 2019, '{\"I1\":\"31.01\",\"I2\":\"30.79\",\"I3\":\"26.29\",\"I4\":\"25.48\",\"I5\":\"13.19\",\"I6\":\"12.89\",\"I7\":\"0\",\"I8\":\"0\"}'),
(171, 3, 3, 2019, '{\"I1\":\"30.95\",\"I2\":\"30.73\",\"I3\":\"26.22\",\"I4\":\"25.41\",\"I5\":\"13.11\",\"I6\":\"12.81\",\"I7\":\"0\",\"I8\":\"0\"}'),
(172, 3, 4, 2019, '{\"I1\":\"30.91\",\"I2\":\"30.69\",\"I3\":\"26.17\",\"I4\":\"25.37\",\"I5\":\"13.06\",\"I6\":\"12.76\",\"I7\":\"0\",\"I8\":\"0\"}'),
(173, 3, 5, 2019, '{\"I1\":\"30.88\",\"I2\":\"30.66\",\"I3\":\"26.14\",\"I4\":\"25.34\",\"I5\":\"13.02\",\"I6\":\"12.72\",\"I7\":\"0\",\"I8\":\"0\"}'),
(174, 3, 6, 2019, '{\"I1\":\"30.91\",\"I2\":\"30.69\",\"I3\":\"26.18\",\"I4\":\"25.37\",\"I5\":\"13.06\",\"I6\":\"12.76\",\"I7\":\"0\",\"I8\":\"0\"}'),
(175, 3, 7, 2019, '{\"I1\":\"43.76\",\"I2\":\"44.99\",\"I3\":\"40.61\",\"I4\":\"39.99\",\"I5\":\"26.78\",\"I6\":\"26.54\",\"I7\":\"0\",\"I8\":\"0\"}'),
(176, 3, 8, 2019, '{\"I1\":\"43.76\",\"I2\":\"44.99\",\"I3\":\"40.61\",\"I4\":\"39.99\",\"I5\":\"26.78\",\"I6\":\"26.54\",\"I7\":\"0\",\"I8\":\"0\"}'),
(177, 3, 9, 2019, '{\"I1\":\"43.76\",\"I2\":\"44.99\",\"I3\":\"40.61\",\"I4\":\"39.99\",\"I5\":\"26.78\",\"I6\":\"26.54\",\"I7\":\"0\",\"I8\":\"0\"}'),
(178, 3, 10, 2019, '{\"I1\":\"43.76\",\"I2\":\"44.99\",\"I3\":\"40.61\",\"I4\":\"39.99\",\"I5\":\"26.78\",\"I6\":\"26.54\",\"I7\":\"0\",\"I8\":\"0\"}'),
(179, 3, 11, 2019, '{\"I1\":\"43.76\",\"I2\":\"44.99\",\"I3\":\"40.61\",\"I4\":\"39.99\",\"I5\":\"26.78\",\"I6\":\"26.54\",\"I7\":\"0\",\"I8\":\"0\"}'),
(180, 3, 12, 2019, '{\"I1\":\"43.76\",\"I2\":\"44.99\",\"I3\":\"40.61\",\"I4\":\"39.99\",\"I5\":\"26.78\",\"I6\":\"26.54\",\"I7\":\"0\",\"I8\":\"0\"}');

-- --------------------------------------------------------

--
-- Estructura de tabla para la tabla `fixed_charge`
--

CREATE TABLE `fixed_charge` (
  `id` int(11) NOT NULL,
  `company_id` int(1) NOT NULL,
  `semester` int(1) NOT NULL,
  `year` int(4) NOT NULL,
  `rate` double NOT NULL
) ENGINE=InnoDB DEFAULT CHARSET=latin1;

--
-- Volcado de datos para la tabla `fixed_charge`
--

INSERT INTO `fixed_charge` (`id`, `company_id`, `semester`, `year`, `rate`) VALUES
(1, 1, 1, 2015, 2.5),
(2, 1, 1, 2016, 2.51),
(3, 1, 1, 2017, 2.51),
(4, 1, 1, 2018, 2.53),
(5, 1, 1, 2019, 2.82),
(6, 2, 1, 2015, 2.42),
(7, 2, 1, 2016, 2.42),
(8, 2, 1, 2017, 2.42),
(9, 2, 1, 2018, 2.44),
(10, 2, 1, 2019, 2.72),
(11, 3, 1, 2015, 2.16),
(12, 3, 1, 2016, 2.16),
(13, 3, 1, 2017, 2.16),
(14, 3, 1, 2018, 2.17),
(15, 3, 1, 2019, 2.28),
(16, 1, 2, 2015, 2.48),
(17, 1, 2, 2016, 2.49),
(18, 1, 2, 2017, 2.52),
(19, 1, 2, 2018, 2.53),
(20, 1, 2, 2019, 2.8),
(21, 2, 2, 2015, 2.38),
(22, 2, 2, 2016, 2.4),
(23, 2, 2, 2017, 2.43),
(24, 2, 2, 2018, 2.45),
(25, 2, 2, 2019, 2.7),
(26, 3, 2, 2015, 2.38),
(27, 3, 2, 2016, 2.14),
(28, 3, 2, 2017, 2.16),
(29, 3, 2, 2018, 2.17),
(30, 3, 2, 2019, 2.26);

-- --------------------------------------------------------

--
-- Estructura de tabla para la tabla `fto`
--

CREATE TABLE `fto` (
  `id` int(11) NOT NULL,
  `semester` int(2) NOT NULL,
  `year` int(4) NOT NULL,
  `rates` varchar(250) NOT NULL
) ENGINE=InnoDB DEFAULT CHARSET=latin1;

--
-- Volcado de datos para la tabla `fto`
--

INSERT INTO `fto` (`id`, `semester`, `year`, `rates`) VALUES
(1, 2, 2015, '{\"I1\":\"21.08\",\"I2\":\"21.08\",\"I3\":\"19.6\",\"I4\":\"19.89\",\"I5\":\"20.05\",\"I6\":\"20.16\",\"I7\":\"25.21\",\"I8\":\"25.32\",\"I9\":\"25.4\",\"I10\":\"25.47\",\"I11\":\"25.55\",\"I12\":\"25.63\",\"I13\":\"25.68\",\"I14\":\"30.12\",\"I15\":\"30.45\"}'),
(2, 2, 2016, '{\"I1\":\"21.87\",\"I2\":\"21.87\",\"I3\":\"20.5\",\"I4\":\"20.79\",\"I5\":\"20.96\",\"I6\":\"21.08\",\"I7\":\"26.29\",\"I8\":\"26.39\",\"I9\":\"26.47\",\"I10\":\"26.55\",\"I11\":\"26.63\",\"I12\":\"26.7\",\"I13\":\"26.76\",\"I14\":\"31.33\",\"I15\":\"31.61\"}'),
(3, 2, 2017, '{\"I1\":\"18.77\",\"I2\":\"20.52\",\"I3\":\"18.6\",\"I4\":\"18.8\",\"I5\":\"18.92\",\"I6\":\"19.01\",\"I7\":\"23.89\",\"I8\":\"23.98\",\"I9\":\"24.05\",\"I10\":\"24.12\",\"I11\":\"24.2\",\"I12\":\"24.26\",\"I13\":\"24.31\",\"I14\":\"28.96\",\"I15\":\"28.97\"}'),
(4, 2, 2018, '{\"I1\":\"19.91\",\"I2\":\"23.67\",\"I3\":\"22.69\",\"I4\":\"23.03\",\"I5\":\"23.23\",\"I6\":\"23.37\",\"I7\":\"27.51\",\"I8\":\"27.62\",\"I9\":\"27.7\",\"I10\":\"27.77\",\"I11\":\"27.87\",\"I12\":\"27.93\",\"I13\":\"27.99\",\"I14\":\"32\",\"I15\":\"32.03\"}'),
(5, 2, 2019, '{\"I1\":\"27.96\",\"I2\":\"19.92\",\"I3\":\"19.53\",\"I4\":\"17.61\",\"I5\":\"21.23\",\"I6\":\"21.32\",\"I7\":\"30.35\",\"I8\":\"30.42\",\"I9\":\"30.49\",\"I10\":\"30.54\",\"I11\":\"30.61\",\"I12\":\"30.66\",\"I13\":\"30.71\",\"I14\":\"35.83\",\"I15\":\"35.84\"}'),
(6, 1, 2015, '{\"I1\":\"0\",\"I2\":\"0\",\"I3\":\"0\",\"I4\":\"0\",\"I5\":\"0\",\"I6\":\"0\",\"I7\":\"0\",\"I8\":\"0\",\"I9\":\"0\",\"I10\":\"0\",\"I11\":\"0\",\"I12\":\"0\",\"I13\":\"0\",\"I14\":\"0\",\"I15\":\"0\"}'),
(7, 1, 2016, '{\"I1\":\"21.47\",\"I2\":\"21.47\",\"I3\":\"19.81\",\"I4\":\"20.06\",\"I5\":\"20.2\",\"I6\":\"20.3\",\"I7\":\"25.79\",\"I8\":\"25.89\",\"I9\":\"25.97\",\"I10\":\"26.04\",\"I11\":\"26.12\",\"I12\":\"26.19\",\"I13\":\"26.24\",\"I14\":\"31.04\",\"I15\":\"31.32\"}'),
(8, 1, 2017, '{\"I1\":\"18.22\",\"I2\":\"18.22\",\"I3\":\"15.79\",\"I4\":\"15.91\",\"I5\":\"15.99\",\"I6\":\"16.05\",\"I7\":\"21.14\",\"I8\":\"21.22\",\"I9\":\"21.28\",\"I10\":\"21.35\",\"I11\":\"21.42\",\"I12\":\"21.47\",\"I13\":\"21.52\",\"I14\":\"26.4\",\"I15\":\"26.38\"}'),
(9, 1, 2018, '{\"I1\":\"19.33\",\"I2\":\"19.49\",\"I3\":\"17.36\",\"I4\":\"17.51\",\"I5\":\"17.6\",\"I6\":\"17.67\",\"I7\":\"22.43\",\"I8\":\"22.51\",\"I9\":\"22.58\",\"I10\":\"22.64\",\"I11\":\"22.72\",\"I12\":\"22.77\",\"I13\":\"22.82\",\"I14\":\"27.42\",\"I15\":\"27.42\"}'),
(10, 1, 2019, '{\"I1\":\"17.56\",\"I2\":\"17.56\",\"I3\":\"17.77\",\"I4\":\"15.84\",\"I5\":\"15.98\",\"I6\":\"16.06\",\"I7\":\"20.23\",\"I8\":\"20.3\",\"I9\":\"20.36\",\"I10\":\"20.42\",\"I11\":\"20.49\",\"I12\":\"20.54\",\"I13\":\"20.58\",\"I14\":\"24.51\",\"I15\":\"24.51\"}');

-- --------------------------------------------------------

--
-- Estructura de tabla para la tabla `law_15`
--

CREATE TABLE `law_15` (
  `id` int(11) NOT NULL,
  `company_id` int(1) NOT NULL,
  `month` int(2) NOT NULL,
  `year` int(4) NOT NULL,
  `charge` double NOT NULL,
  `subsidy` double NOT NULL
) ENGINE=InnoDB DEFAULT CHARSET=latin1;

--
-- Volcado de datos para la tabla `law_15`
--

INSERT INTO `law_15` (`id`, `company_id`, `month`, `year`, `charge`, `subsidy`) VALUES
(1, 1, 1, 2015, 0.5, 17.81),
(2, 1, 2, 2015, 0.5, 18.79),
(3, 1, 3, 2015, 0.5, 18.64),
(4, 1, 4, 2015, 0.5, 19.58),
(5, 1, 5, 2015, 0.5, 18.04),
(6, 1, 6, 2015, 0.5, 18.52),
(7, 1, 7, 2015, 0.5, 17.62),
(8, 1, 8, 2015, 0.5, 19.34),
(9, 1, 9, 2015, 0.5, 18.79),
(10, 1, 10, 2015, 0.5, 17.69),
(11, 1, 11, 2015, 0.5, 16.86),
(12, 1, 12, 2015, 0.5, 18.07),
(13, 1, 1, 2016, 0.5, 19.07),
(14, 1, 2, 2016, 0.5, 17.15),
(15, 1, 3, 2016, 0.5, 19.17),
(16, 1, 4, 2016, 0.5, 17.39),
(17, 1, 5, 2016, 0.5, 18.95),
(18, 1, 6, 2016, 0.5, 18.49),
(19, 1, 7, 2016, 0.5, 19.82),
(20, 1, 8, 2016, 0.5, 18.07),
(21, 1, 9, 2016, 0.5, 18.81),
(22, 1, 10, 2016, 0.5, 18.08),
(23, 1, 11, 2016, 0.5, 17.87),
(24, 1, 12, 2016, 0.45, 20),
(25, 1, 1, 2017, 0.45, 20),
(26, 1, 2, 2017, 0.45, 20),
(27, 1, 3, 2017, 0.45, 20),
(28, 1, 4, 2017, 0.45, 20),
(29, 1, 5, 2017, 0.45, 17.8),
(30, 1, 6, 2017, 0.45, 17.6),
(31, 1, 7, 2017, 0.45, 19.41),
(32, 1, 8, 2017, 0.45, 18.62),
(33, 1, 9, 2017, 0.45, 18.33),
(34, 1, 10, 2017, 0.45, 18.33),
(35, 1, 11, 2017, 0.45, 19.66),
(36, 1, 12, 2017, 0.45, 18.18),
(37, 1, 1, 2018, 0.45, 17.73),
(38, 1, 2, 2018, 0.45, 17.73),
(39, 1, 3, 2018, 0.45, 17.67),
(40, 1, 4, 2018, 0.45, 18.6),
(41, 1, 5, 2018, 0.5, 19.62),
(42, 1, 6, 2018, 0.45, 19.83),
(43, 1, 7, 2018, 0.45, 19.07),
(44, 1, 8, 2018, 0.45, 17.82),
(45, 1, 9, 2018, 0.45, 17.71),
(46, 1, 10, 2018, 0.45, 17.22),
(47, 1, 11, 2018, 0.45, 16.35),
(48, 1, 12, 2018, 0.45, 17.53),
(49, 1, 1, 2019, 0.45, 17.73),
(50, 1, 2, 2019, 0.45, 18.62),
(51, 1, 3, 2019, 0.45, 16.94),
(52, 1, 4, 2019, 0.45, 19.68),
(53, 1, 5, 2019, 0.45, 17.37),
(54, 1, 6, 2019, 0.45, 20),
(55, 1, 7, 2019, 0.45, 18.78),
(56, 1, 8, 2019, 0.45, 18.88),
(57, 1, 9, 2019, 0.45, 16.18),
(58, 1, 10, 2019, 0.45, 16.18),
(59, 1, 11, 2019, 0.45, 16.18),
(60, 1, 12, 2019, 0.45, 16.18),
(61, 2, 1, 2015, 0.5, 17.81),
(62, 2, 2, 2015, 0.5, 18.79),
(63, 2, 3, 2015, 0.5, 18.64),
(64, 2, 4, 2015, 0.5, 19.58),
(65, 2, 5, 2015, 0.5, 18.04),
(66, 2, 6, 2015, 0.5, 18.52),
(67, 2, 7, 2015, 0.5, 17.62),
(68, 2, 8, 2015, 0.5, 19.34),
(69, 2, 9, 2015, 0.5, 18.79),
(70, 2, 10, 2015, 0.5, 17.69),
(71, 2, 11, 2015, 0.5, 16.86),
(72, 2, 12, 2015, 0.5, 18.07),
(73, 2, 1, 2016, 0.5, 19.07),
(74, 2, 2, 2016, 0.5, 17.15),
(75, 2, 3, 2016, 0.5, 19.17),
(76, 2, 4, 2016, 0.5, 17.39),
(77, 2, 5, 2016, 0.5, 18.95),
(78, 2, 6, 2016, 0.5, 18.49),
(79, 2, 7, 2016, 0.5, 19.82),
(80, 2, 8, 2016, 0.5, 18.07),
(81, 2, 9, 2016, 0.5, 18.81),
(82, 2, 10, 2016, 0.5, 18.08),
(83, 2, 11, 2016, 0.5, 17.87),
(84, 2, 12, 2016, 0.45, 20),
(85, 2, 1, 2017, 0.45, 20),
(86, 2, 2, 2017, 0.45, 20),
(87, 2, 3, 2017, 0.45, 20),
(88, 2, 4, 2017, 0.45, 20),
(89, 2, 5, 2017, 0.45, 17.8),
(90, 2, 6, 2017, 0.45, 17.6),
(91, 2, 7, 2017, 0.45, 19.41),
(92, 2, 8, 2017, 0.45, 18.62),
(93, 2, 9, 2017, 0.45, 18.33),
(94, 2, 10, 2017, 0.45, 18.33),
(95, 2, 11, 2017, 0.45, 19.66),
(96, 2, 12, 2017, 0.45, 18.18),
(97, 2, 1, 2018, 0.45, 17.73),
(98, 2, 2, 2018, 0.45, 17.73),
(99, 2, 3, 2018, 0.45, 17.67),
(100, 2, 4, 2018, 0.45, 18.6),
(101, 2, 5, 2018, 0.5, 19.62),
(102, 2, 6, 2018, 0.45, 19.83),
(103, 2, 7, 2018, 0.45, 19.07),
(104, 2, 8, 2018, 0.45, 17.82),
(105, 2, 9, 2018, 0.45, 17.71),
(106, 2, 10, 2018, 0.45, 17.22),
(107, 2, 11, 2018, 0.45, 16.35),
(108, 2, 12, 2018, 0.45, 17.53),
(109, 2, 1, 2019, 0.45, 17.73),
(110, 2, 2, 2019, 0.45, 18.62),
(111, 2, 3, 2019, 0.45, 16.94),
(112, 2, 4, 2019, 0.45, 19.68),
(113, 2, 5, 2019, 0.45, 17.37),
(114, 2, 6, 2019, 0.45, 20),
(115, 2, 7, 2019, 0.45, 18.78),
(116, 2, 8, 2019, 0.45, 18.88),
(117, 2, 9, 2019, 0.45, 16.18),
(118, 2, 10, 2019, 0.45, 16.18),
(119, 2, 11, 2019, 0.45, 16.18),
(120, 2, 12, 2019, 0.45, 16.18),
(121, 3, 1, 2015, 0.42, 20),
(122, 3, 2, 2015, 0.42, 20),
(123, 3, 3, 2015, 0.42, 20),
(124, 3, 4, 2015, 0.42, 20),
(125, 3, 5, 2015, 0.42, 20),
(126, 3, 6, 2015, 0.39, 20),
(127, 3, 7, 2015, 0.39, 20),
(128, 3, 8, 2015, 0.37, 20),
(129, 3, 9, 2015, 0.37, 20),
(130, 3, 10, 2015, 0.37, 20),
(131, 3, 11, 2015, 0.3, 20),
(132, 3, 12, 2015, 0.3, 20),
(133, 3, 1, 2016, 0.3, 20),
(134, 3, 2, 2016, 0.3, 20),
(135, 3, 3, 2016, 0.3, 20),
(136, 3, 4, 2016, 0.3, 20),
(137, 3, 5, 2016, 0.3, 20),
(138, 3, 6, 2016, 0.3, 20),
(139, 3, 7, 2016, 0.3, 20),
(140, 3, 8, 2016, 0.3, 20),
(141, 3, 9, 2016, 0.3, 20),
(142, 3, 10, 2016, 0.35, 20),
(143, 3, 11, 2016, 0.35, 20),
(144, 3, 12, 2016, 0.35, 20),
(145, 3, 1, 2017, 0.37, 20),
(146, 3, 2, 2017, 0.37, 20),
(147, 3, 3, 2017, 0.37, 20),
(148, 3, 4, 2017, 0.37, 20),
(149, 3, 5, 2017, 0.37, 20),
(150, 3, 6, 2017, 0.37, 20),
(151, 3, 7, 2017, 0.33, 20),
(152, 3, 8, 2017, 0.32, 20),
(153, 3, 9, 2017, 0.32, 20),
(154, 3, 10, 2017, 0.33, 20),
(155, 3, 11, 2017, 0.33, 20),
(156, 3, 12, 2017, 0.33, 20),
(157, 3, 1, 2018, 0.4, 20),
(158, 3, 2, 2018, 0.4, 20),
(159, 3, 3, 2018, 0.4, 20),
(160, 3, 4, 2018, 0.4, 20),
(161, 3, 5, 2018, 0.4, 20),
(162, 3, 6, 2018, 0.4, 20),
(163, 3, 7, 2018, 0.35, 20),
(164, 3, 8, 2018, 0.35, 20),
(165, 3, 9, 2018, 0.35, 20),
(166, 3, 10, 2018, 0.35, 20),
(167, 3, 11, 2018, 0.35, 20),
(168, 3, 12, 2018, 0.35, 20),
(169, 3, 1, 2019, 0.37, 20),
(170, 3, 2, 2019, 0.37, 20),
(171, 3, 3, 2019, 0.37, 20),
(172, 3, 4, 2019, 0.37, 20),
(173, 3, 5, 2019, 0.37, 20),
(174, 3, 6, 2019, 0.37, 20),
(175, 3, 7, 2019, 0.36, 20),
(176, 3, 8, 2019, 0.36, 20),
(177, 3, 9, 2019, 0.36, 20),
(178, 3, 10, 2019, 0.36, 20),
(179, 3, 11, 2019, 0.36, 20),
(180, 3, 12, 2019, 0.36, 20);

--
-- Índices para tablas volcadas
--

--
-- Indices de la tabla `additional_fet`
--
ALTER TABLE `additional_fet`
  ADD PRIMARY KEY (`id`),
  ADD UNIQUE KEY `id` (`id`),
  ADD KEY `id_2` (`id`);

--
-- Indices de la tabla `bts`
--
ALTER TABLE `bts`
  ADD PRIMARY KEY (`id`),
  ADD KEY `id_empresa` (`company_id`);

--
-- Indices de la tabla `cvc`
--
ALTER TABLE `cvc`
  ADD PRIMARY KEY (`id`),
  ADD KEY `id_empresa` (`company_id`);

--
-- Indices de la tabla `distribution_companies`
--
ALTER TABLE `distribution_companies`
  ADD PRIMARY KEY (`id`),
  ADD KEY `id` (`id`);

--
-- Indices de la tabla `fet`
--
ALTER TABLE `fet`
  ADD PRIMARY KEY (`id`),
  ADD KEY `id_empresa` (`company_id`);

--
-- Indices de la tabla `fixed_charge`
--
ALTER TABLE `fixed_charge`
  ADD PRIMARY KEY (`id`),
  ADD KEY `id` (`id`),
  ADD KEY `id_empresa` (`company_id`);

--
-- Indices de la tabla `fto`
--
ALTER TABLE `fto`
  ADD PRIMARY KEY (`id`);

--
-- Indices de la tabla `law_15`
--
ALTER TABLE `law_15`
  ADD PRIMARY KEY (`id`),
  ADD KEY `id_empresa` (`company_id`);

--
-- AUTO_INCREMENT de las tablas volcadas
--

--
-- AUTO_INCREMENT de la tabla `additional_fet`
--
ALTER TABLE `additional_fet`
  MODIFY `id` int(11) NOT NULL AUTO_INCREMENT, AUTO_INCREMENT=181;

--
-- AUTO_INCREMENT de la tabla `bts`
--
ALTER TABLE `bts`
  MODIFY `id` int(11) NOT NULL AUTO_INCREMENT, AUTO_INCREMENT=31;

--
-- AUTO_INCREMENT de la tabla `cvc`
--
ALTER TABLE `cvc`
  MODIFY `id` int(11) NOT NULL AUTO_INCREMENT, AUTO_INCREMENT=181;

--
-- AUTO_INCREMENT de la tabla `distribution_companies`
--
ALTER TABLE `distribution_companies`
  MODIFY `id` int(1) NOT NULL AUTO_INCREMENT, AUTO_INCREMENT=4;

--
-- AUTO_INCREMENT de la tabla `fet`
--
ALTER TABLE `fet`
  MODIFY `id` int(11) NOT NULL AUTO_INCREMENT, AUTO_INCREMENT=181;

--
-- AUTO_INCREMENT de la tabla `fixed_charge`
--
ALTER TABLE `fixed_charge`
  MODIFY `id` int(11) NOT NULL AUTO_INCREMENT, AUTO_INCREMENT=31;

--
-- AUTO_INCREMENT de la tabla `fto`
--
ALTER TABLE `fto`
  MODIFY `id` int(11) NOT NULL AUTO_INCREMENT, AUTO_INCREMENT=11;

--
-- AUTO_INCREMENT de la tabla `law_15`
--
ALTER TABLE `law_15`
  MODIFY `id` int(11) NOT NULL AUTO_INCREMENT, AUTO_INCREMENT=181;

--
-- Restricciones para tablas volcadas
--

--
-- Filtros para la tabla `bts`
--
ALTER TABLE `bts`
  ADD CONSTRAINT `bts_ibfk_1` FOREIGN KEY (`company_id`) REFERENCES `distribution_companies` (`id`) ON DELETE CASCADE ON UPDATE CASCADE;

--
-- Filtros para la tabla `cvc`
--
ALTER TABLE `cvc`
  ADD CONSTRAINT `cvc_ibfk_1` FOREIGN KEY (`company_id`) REFERENCES `distribution_companies` (`id`) ON DELETE CASCADE ON UPDATE CASCADE;

--
-- Filtros para la tabla `fet`
--
ALTER TABLE `fet`
  ADD CONSTRAINT `fet_ibfk_1` FOREIGN KEY (`company_id`) REFERENCES `distribution_companies` (`id`) ON DELETE CASCADE ON UPDATE CASCADE;

--
-- Filtros para la tabla `fixed_charge`
--
ALTER TABLE `fixed_charge`
  ADD CONSTRAINT `fixed_charge_ibfk_1` FOREIGN KEY (`company_id`) REFERENCES `distribution_companies` (`id`) ON DELETE CASCADE ON UPDATE CASCADE;

--
-- Filtros para la tabla `law_15`
--
ALTER TABLE `law_15`
  ADD CONSTRAINT `law_15_ibfk_1` FOREIGN KEY (`company_id`) REFERENCES `distribution_companies` (`id`) ON DELETE CASCADE ON UPDATE CASCADE;
COMMIT;

/*!40101 SET CHARACTER_SET_CLIENT=@OLD_CHARACTER_SET_CLIENT */;
/*!40101 SET CHARACTER_SET_RESULTS=@OLD_CHARACTER_SET_RESULTS */;
/*!40101 SET COLLATION_CONNECTION=@OLD_COLLATION_CONNECTION */;
